experiment_type,plot_type,dataset,horizon,seed,metric,value
W1,forest_plot,ETTm1,96,42,rmse_per,2.812747011993614
W1,forest_plot,ETTm1,96,42,rmse_last,2.9210112411873013
W1,forest_plot,ETTm1,96,42,delta_rmse,0.10826422919368728
W1,forest_plot,ETTm1,96,42,delta_rmse_pct,3.7063954998571385
W1,forest_plot,ETTm1,96,42,cka_full_mean_per,0.9660061675624332
W1,forest_plot,ETTm1,96,42,cka_full_mean_last,0.9694556982550993
W1,forest_plot,ETTm1,96,42,delta_cka_global,-0.0034495306926660696
W1,forest_plot,ETTm1,96,42,grad_align_mean_per,0.0007880993496135
W1,forest_plot,ETTm1,96,42,grad_align_mean_last,0.0041177116910981
W1,forest_plot,ETTm1,96,42,delta_grad_align_all,-0.0033296123414846
W1,forest_plot,ETTm1,96,2,rmse_per,2.807326241718516
W1,forest_plot,ETTm1,96,2,rmse_last,2.942553940945439
W1,forest_plot,ETTm1,96,2,delta_rmse,0.13522769922692301
W1,forest_plot,ETTm1,96,2,delta_rmse_pct,4.59558947570132
W1,forest_plot,ETTm1,96,2,cka_full_mean_per,0.9630429016023822
W1,forest_plot,ETTm1,96,2,cka_full_mean_last,0.9582373607321106
W1,forest_plot,ETTm1,96,2,delta_cka_global,0.0048055408702715185
W1,forest_plot,ETTm1,96,2,grad_align_mean_per,0.0038355012543042
W1,forest_plot,ETTm1,96,2,grad_align_mean_last,-0.0040895606423685
W1,forest_plot,ETTm1,96,2,delta_grad_align_all,0.0079250618966727
W1,forest_plot,ETTm1,96,3,rmse_per,2.8111723415288603
W1,forest_plot,ETTm1,96,3,rmse_last,2.9232409543179902
W1,forest_plot,ETTm1,96,3,delta_rmse,0.11206861278912994
W1,forest_plot,ETTm1,96,3,delta_rmse_pct,3.8337110946530313
W1,forest_plot,ETTm1,96,3,cka_full_mean_per,0.9483049510257224
W1,forest_plot,ETTm1,96,3,cka_full_mean_last,0.957981436370552
W1,forest_plot,ETTm1,96,3,delta_cka_global,-0.009676485344829566
W1,forest_plot,ETTm1,96,3,grad_align_mean_per,0.002770491061957
W1,forest_plot,ETTm1,96,3,grad_align_mean_last,0.0008534594706207
W1,forest_plot,ETTm1,96,3,delta_grad_align_all,0.0019170315913362998
W1,forest_plot,ETTm1,96,5,rmse_per,2.806413209922566
W1,forest_plot,ETTm1,96,5,rmse_last,2.9481464381810265
W1,forest_plot,ETTm1,96,5,delta_rmse,0.14173322825846046
W1,forest_plot,ETTm1,96,5,delta_rmse_pct,4.807536912783352
W1,forest_plot,ETTm1,96,5,cka_full_mean_per,0.9670190915974942
W1,forest_plot,ETTm1,96,5,cka_full_mean_last,0.969350191759212
W1,forest_plot,ETTm1,96,5,delta_cka_global,-0.0023311001617177807
W1,forest_plot,ETTm1,96,5,grad_align_mean_per,-0.008558933669471
W1,forest_plot,ETTm1,96,5,grad_align_mean_last,0.0024833073398352
W1,forest_plot,ETTm1,96,5,delta_grad_align_all,-0.011042241009306201
W1,forest_plot,ETTm1,96,7,rmse_per,2.8223539873169914
W1,forest_plot,ETTm1,96,7,rmse_last,2.962324718327889
W1,forest_plot,ETTm1,96,7,delta_rmse,0.13997073101089752
W1,forest_plot,ETTm1,96,7,delta_rmse_pct,4.72502997881695
W1,forest_plot,ETTm1,96,7,cka_full_mean_per,0.9796798078753188
W1,forest_plot,ETTm1,96,7,cka_full_mean_last,0.9720027645325904
W1,forest_plot,ETTm1,96,7,delta_cka_global,0.007677043342728451
W1,forest_plot,ETTm1,96,7,grad_align_mean_per,-0.0015806928897957
W1,forest_plot,ETTm1,96,7,grad_align_mean_last,0.000333343771751
W1,forest_plot,ETTm1,96,7,delta_grad_align_all,-0.0019140366615467
W1,forest_plot,ETTm1,96,11,rmse_per,2.8167395956616343
W1,forest_plot,ETTm1,96,11,rmse_last,2.9546703352245505
W1,forest_plot,ETTm1,96,11,delta_rmse,0.13793073956291613
W1,forest_plot,ETTm1,96,11,delta_rmse_pct,4.668227717947207
W1,forest_plot,ETTm1,96,11,cka_full_mean_per,0.9798229488848884
W1,forest_plot,ETTm1,96,11,cka_full_mean_last,0.9774946403145508
W1,forest_plot,ETTm1,96,11,delta_cka_global,0.0023283085703376116
W1,forest_plot,ETTm1,96,11,grad_align_mean_per,-0.0053703536866899
W1,forest_plot,ETTm1,96,11,grad_align_mean_last,-0.0006357844175563
W1,forest_plot,ETTm1,96,11,delta_grad_align_all,-0.0047345692691336
W1,forest_plot,ETTm1,96,13,rmse_per,2.8118365882883487
W1,forest_plot,ETTm1,96,13,rmse_last,2.936443544702187
W1,forest_plot,ETTm1,96,13,delta_rmse,0.12460695641383834
W1,forest_plot,ETTm1,96,13,delta_rmse_pct,4.24346508001658
W1,forest_plot,ETTm1,96,13,cka_full_mean_per,0.9777636448243427
W1,forest_plot,ETTm1,96,13,cka_full_mean_last,0.967965698228264
W1,forest_plot,ETTm1,96,13,delta_cka_global,0.0097979465960788
W1,forest_plot,ETTm1,96,13,grad_align_mean_per,0.005591025719037
W1,forest_plot,ETTm1,96,13,grad_align_mean_last,-0.0027159322813961
W1,forest_plot,ETTm1,96,13,delta_grad_align_all,0.008306958000433101
W1,forest_plot,ETTm1,96,17,rmse_per,2.825054039902448
W1,forest_plot,ETTm1,96,17,rmse_last,2.935081785190047
W1,forest_plot,ETTm1,96,17,delta_rmse,0.11002774528759884
W1,forest_plot,ETTm1,96,17,delta_rmse_pct,3.748711393419469
W1,forest_plot,ETTm1,96,17,cka_full_mean_per,0.9727325624296552
W1,forest_plot,ETTm1,96,17,cka_full_mean_last,0.9754635037316648
W1,forest_plot,ETTm1,96,17,delta_cka_global,-0.0027309413020095707
W1,forest_plot,ETTm1,96,17,grad_align_mean_per,-0.0004004231994071
W1,forest_plot,ETTm1,96,17,grad_align_mean_last,0.0111174635540335
W1,forest_plot,ETTm1,96,17,delta_grad_align_all,-0.011517886753440601
W1,forest_plot,ETTm1,96,19,rmse_per,2.8119246848101094
W1,forest_plot,ETTm1,96,19,rmse_last,2.975609494132633
W1,forest_plot,ETTm1,96,19,delta_rmse,0.1636848093225236
W1,forest_plot,ETTm1,96,19,delta_rmse_pct,5.500883420532184
W1,forest_plot,ETTm1,96,19,cka_full_mean_per,0.9757725402339982
W1,forest_plot,ETTm1,96,19,cka_full_mean_last,0.9682511233872978
W1,forest_plot,ETTm1,96,19,delta_cka_global,0.0075214168467003795
W1,forest_plot,ETTm1,96,19,grad_align_mean_per,0.0001072866699612
W1,forest_plot,ETTm1,96,19,grad_align_mean_last,-0.0017715745872374
W1,forest_plot,ETTm1,96,19,delta_grad_align_all,0.0018788612571986
W1,forest_plot,ETTm1,96,23,rmse_per,2.824543407979777
W1,forest_plot,ETTm1,96,23,rmse_last,2.960732163528615
W1,forest_plot,ETTm1,96,23,delta_rmse,0.13618875554883791
W1,forest_plot,ETTm1,96,23,delta_rmse_pct,4.599833690681683
W1,forest_plot,ETTm1,96,23,cka_full_mean_per,0.9732563141093474
W1,forest_plot,ETTm1,96,23,cka_full_mean_last,0.96674761914468
W1,forest_plot,ETTm1,96,23,delta_cka_global,0.006508694964667439
W1,forest_plot,ETTm1,96,23,grad_align_mean_per,0.0064394530688372
W1,forest_plot,ETTm1,96,23,grad_align_mean_last,-0.0063302827724132
W1,forest_plot,ETTm1,96,23,delta_grad_align_all,0.0127697358412504
W1,forest_plot,ETTm1,192,42,rmse_per,3.0690213271885685
W1,forest_plot,ETTm1,192,42,rmse_last,3.1693038667050715
W1,forest_plot,ETTm1,192,42,delta_rmse,0.10028253951650301
W1,forest_plot,ETTm1,192,42,delta_rmse_pct,3.164181906633034
W1,forest_plot,ETTm1,192,42,cka_full_mean_per,0.9790884224113116
W1,forest_plot,ETTm1,192,42,cka_full_mean_last,0.9238026664235994
W1,forest_plot,ETTm1,192,42,delta_cka_global,0.055285755987712126
W1,forest_plot,ETTm1,192,42,grad_align_mean_per,0.0003503395459621
W1,forest_plot,ETTm1,192,42,grad_align_mean_last,-0.0009235424064842
W1,forest_plot,ETTm1,192,42,delta_grad_align_all,0.0012738819524463
W1,forest_plot,ETTm1,192,2,rmse_per,3.069257326785244
W1,forest_plot,ETTm1,192,2,rmse_last,3.15981612479348
W1,forest_plot,ETTm1,192,2,delta_rmse,0.09055879800823607
W1,forest_plot,ETTm1,192,2,delta_rmse_pct,2.865951512104358
W1,forest_plot,ETTm1,192,2,cka_full_mean_per,0.967748796684397
W1,forest_plot,ETTm1,192,2,cka_full_mean_last,0.9044460570033668
W1,forest_plot,ETTm1,192,2,delta_cka_global,0.06330273968103017
W1,forest_plot,ETTm1,192,2,grad_align_mean_per,-0.0029776395285938
W1,forest_plot,ETTm1,192,2,grad_align_mean_last,0.0002926102158185
W1,forest_plot,ETTm1,192,2,delta_grad_align_all,-0.0032702497444123003
W1,forest_plot,ETTm1,192,3,rmse_per,3.075811300792208
W1,forest_plot,ETTm1,192,3,rmse_last,3.1854865502891005
W1,forest_plot,ETTm1,192,3,delta_rmse,0.10967524949689267
W1,forest_plot,ETTm1,192,3,delta_rmse_pct,3.442966961732707
W1,forest_plot,ETTm1,192,3,cka_full_mean_per,0.9565065935949548
W1,forest_plot,ETTm1,192,3,cka_full_mean_last,0.9614870612297696
W1,forest_plot,ETTm1,192,3,delta_cka_global,-0.004980467634814745
W1,forest_plot,ETTm1,192,3,grad_align_mean_per,-0.0027461644430937
W1,forest_plot,ETTm1,192,3,grad_align_mean_last,0.0013094346311525
W1,forest_plot,ETTm1,192,3,delta_grad_align_all,-0.0040555990742461995
W1,forest_plot,ETTm1,192,5,rmse_per,3.070845928882318
W1,forest_plot,ETTm1,192,5,rmse_last,3.20420127092649
W1,forest_plot,ETTm1,192,5,delta_rmse,0.133355342044172
W1,forest_plot,ETTm1,192,5,delta_rmse_pct,4.161890304899995
W1,forest_plot,ETTm1,192,5,cka_full_mean_per,0.9650335350438426
W1,forest_plot,ETTm1,192,5,cka_full_mean_last,0.937636860811664
W1,forest_plot,ETTm1,192,5,delta_cka_global,0.02739667423217862
W1,forest_plot,ETTm1,192,5,grad_align_mean_per,0.0007333428118614
W1,forest_plot,ETTm1,192,5,grad_align_mean_last,-0.0020767345601075
W1,forest_plot,ETTm1,192,5,delta_grad_align_all,0.0028100773719689004
W1,forest_plot,ETTm1,192,7,rmse_per,3.0890351405690435
W1,forest_plot,ETTm1,192,7,rmse_last,3.1835961464714906
W1,forest_plot,ETTm1,192,7,delta_rmse,0.09456100590244709
W1,forest_plot,ETTm1,192,7,delta_rmse_pct,2.970257581422597
W1,forest_plot,ETTm1,192,7,cka_full_mean_per,0.9667489832275618
W1,forest_plot,ETTm1,192,7,cka_full_mean_last,0.9381806546617868
W1,forest_plot,ETTm1,192,7,delta_cka_global,0.02856832856577496
W1,forest_plot,ETTm1,192,7,grad_align_mean_per,-0.0026136915682229
W1,forest_plot,ETTm1,192,7,grad_align_mean_last,0.0054758404978417
W1,forest_plot,ETTm1,192,7,delta_grad_align_all,-0.0080895320660646
W1,forest_plot,ETTm1,192,11,rmse_per,3.071568821718031
W1,forest_plot,ETTm1,192,11,rmse_last,3.174344158770103
W1,forest_plot,ETTm1,192,11,delta_rmse,0.10277533705207187
W1,forest_plot,ETTm1,192,11,delta_rmse_pct,3.2376872800047014
W1,forest_plot,ETTm1,192,11,cka_full_mean_per,0.974554638526928
W1,forest_plot,ETTm1,192,11,cka_full_mean_last,0.9441503562181636
W1,forest_plot,ETTm1,192,11,delta_cka_global,0.030404282308764463
W1,forest_plot,ETTm1,192,11,grad_align_mean_per,0.0016669816468061
W1,forest_plot,ETTm1,192,11,grad_align_mean_last,-0.0012062471046351
W1,forest_plot,ETTm1,192,11,delta_grad_align_all,0.0028732287514412003
W1,forest_plot,ETTm1,192,13,rmse_per,3.0777136823159723
W1,forest_plot,ETTm1,192,13,rmse_last,3.1799544238777155
W1,forest_plot,ETTm1,192,13,delta_rmse,0.10224074156174323
W1,forest_plot,ETTm1,192,13,delta_rmse_pct,3.215163739267317
W1,forest_plot,ETTm1,192,13,cka_full_mean_per,0.9731587067874274
W1,forest_plot,ETTm1,192,13,cka_full_mean_last,0.9278595103779548
W1,forest_plot,ETTm1,192,13,delta_cka_global,0.045299196409472664
W1,forest_plot,ETTm1,192,13,grad_align_mean_per,0.0036767071022234
W1,forest_plot,ETTm1,192,13,grad_align_mean_last,0.0017662641609448
W1,forest_plot,ETTm1,192,13,delta_grad_align_all,0.0019104429412785998
W1,forest_plot,ETTm1,192,17,rmse_per,3.0800275006243125
W1,forest_plot,ETTm1,192,17,rmse_last,3.1566749513296504
W1,forest_plot,ETTm1,192,17,delta_rmse,0.07664745070533785
W1,forest_plot,ETTm1,192,17,delta_rmse_pct,2.428107166151286
W1,forest_plot,ETTm1,192,17,cka_full_mean_per,0.960964236918692
W1,forest_plot,ETTm1,192,17,cka_full_mean_last,0.956525881862531
W1,forest_plot,ETTm1,192,17,delta_cka_global,0.004438355056161081
W1,forest_plot,ETTm1,192,17,grad_align_mean_per,-0.0020468841624448
W1,forest_plot,ETTm1,192,17,grad_align_mean_last,-0.0001739536651059
W1,forest_plot,ETTm1,192,17,delta_grad_align_all,-0.0018729304973389
W1,forest_plot,ETTm1,192,19,rmse_per,3.071244969377446
W1,forest_plot,ETTm1,192,19,rmse_last,3.1542400343175845
W1,forest_plot,ETTm1,192,19,delta_rmse,0.08299506494013853
W1,forest_plot,ETTm1,192,19,delta_rmse_pct,2.6312222290366813
W1,forest_plot,ETTm1,192,19,cka_full_mean_per,0.9735509349533736
W1,forest_plot,ETTm1,192,19,cka_full_mean_last,0.92143361673434
W1,forest_plot,ETTm1,192,19,delta_cka_global,0.05211731821903365
W1,forest_plot,ETTm1,192,19,grad_align_mean_per,0.0050708177677434
W1,forest_plot,ETTm1,192,19,grad_align_mean_last,-0.003598527371711
W1,forest_plot,ETTm1,192,19,delta_grad_align_all,0.0086693451394544
W1,forest_plot,ETTm1,192,23,rmse_per,3.072189417413465
W1,forest_plot,ETTm1,192,23,rmse_last,3.178936693932158
W1,forest_plot,ETTm1,192,23,delta_rmse,0.1067472765186932
W1,forest_plot,ETTm1,192,23,delta_rmse_pct,3.357955404473723
W1,forest_plot,ETTm1,192,23,cka_full_mean_per,0.9769612452048804
W1,forest_plot,ETTm1,192,23,cka_full_mean_last,0.95909517401287
W1,forest_plot,ETTm1,192,23,delta_cka_global,0.017866071192010335
W1,forest_plot,ETTm1,192,23,grad_align_mean_per,0.0016153777042947
W1,forest_plot,ETTm1,192,23,grad_align_mean_last,0.000382147677373
W1,forest_plot,ETTm1,192,23,delta_grad_align_all,0.0012332300269217
W1,forest_plot,ETTm1,336,42,rmse_per,3.220167421999671
W1,forest_plot,ETTm1,336,42,rmse_last,3.3006146812169312
W1,forest_plot,ETTm1,336,42,delta_rmse,0.08044725921726004
W1,forest_plot,ETTm1,336,42,delta_rmse_pct,2.4373417374365935
W1,forest_plot,ETTm1,336,42,cka_full_mean_per,0.9447138398260968
W1,forest_plot,ETTm1,336,42,cka_full_mean_last,0.9782238918810632
W1,forest_plot,ETTm1,336,42,delta_cka_global,-0.03351005205496638
W1,forest_plot,ETTm1,336,42,grad_align_mean_per,0.0023325186630174
W1,forest_plot,ETTm1,336,42,grad_align_mean_last,-0.0021567090885838
W1,forest_plot,ETTm1,336,42,delta_grad_align_all,0.0044892277516012
W1,forest_plot,ETTm1,336,2,rmse_per,3.215699759782987
W1,forest_plot,ETTm1,336,2,rmse_last,3.299295847355752
W1,forest_plot,ETTm1,336,2,delta_rmse,0.08359608757276504
W1,forest_plot,ETTm1,336,2,delta_rmse_pct,2.5337554266242543
W1,forest_plot,ETTm1,336,2,cka_full_mean_per,0.951641657609405
W1,forest_plot,ETTm1,336,2,cka_full_mean_last,0.9697845766795902
W1,forest_plot,ETTm1,336,2,delta_cka_global,-0.01814291907018517
W1,forest_plot,ETTm1,336,2,grad_align_mean_per,-0.0023787980302144
W1,forest_plot,ETTm1,336,2,grad_align_mean_last,-0.0041630710677073
W1,forest_plot,ETTm1,336,2,delta_grad_align_all,0.0017842730374928997
W1,forest_plot,ETTm1,336,3,rmse_per,3.2289824566546192
W1,forest_plot,ETTm1,336,3,rmse_last,3.286489318282439
W1,forest_plot,ETTm1,336,3,delta_rmse,0.057506861627819816
W1,forest_plot,ETTm1,336,3,delta_rmse_pct,1.7497960911637356
W1,forest_plot,ETTm1,336,3,cka_full_mean_per,0.964339738068146
W1,forest_plot,ETTm1,336,3,cka_full_mean_last,0.9506685422919938
W1,forest_plot,ETTm1,336,3,delta_cka_global,0.013671195776152167
W1,forest_plot,ETTm1,336,3,grad_align_mean_per,0.0004554103258256
W1,forest_plot,ETTm1,336,3,grad_align_mean_last,-0.0176276180745708
W1,forest_plot,ETTm1,336,3,delta_grad_align_all,0.018083028400396398
W1,forest_plot,ETTm1,336,5,rmse_per,3.224410329922048
W1,forest_plot,ETTm1,336,5,rmse_last,3.313686662124041
W1,forest_plot,ETTm1,336,5,delta_rmse,0.08927633220199294
W1,forest_plot,ETTm1,336,5,delta_rmse_pct,2.694169404199722
W1,forest_plot,ETTm1,336,5,cka_full_mean_per,0.9571290062659868
W1,forest_plot,ETTm1,336,5,cka_full_mean_last,0.9615570239302652
W1,forest_plot,ETTm1,336,5,delta_cka_global,-0.004428017664278361
W1,forest_plot,ETTm1,336,5,grad_align_mean_per,-0.0072760556203179
W1,forest_plot,ETTm1,336,5,grad_align_mean_last,-0.0006229117023282
W1,forest_plot,ETTm1,336,5,delta_grad_align_all,-0.0066531439179897
W1,forest_plot,ETTm1,336,7,rmse_per,3.2266016627560488
W1,forest_plot,ETTm1,336,7,rmse_last,3.30863237414734
W1,forest_plot,ETTm1,336,7,delta_rmse,0.08203071139129126
W1,forest_plot,ETTm1,336,7,delta_rmse_pct,2.4792936209007266
W1,forest_plot,ETTm1,336,7,cka_full_mean_per,0.9425484353456486
W1,forest_plot,ETTm1,336,7,cka_full_mean_last,0.9607907799230888
W1,forest_plot,ETTm1,336,7,delta_cka_global,-0.018242344577440228
W1,forest_plot,ETTm1,336,7,grad_align_mean_per,0.0075170998231699
W1,forest_plot,ETTm1,336,7,grad_align_mean_last,0.0028975697926836
W1,forest_plot,ETTm1,336,7,delta_grad_align_all,0.004619530030486299
W1,forest_plot,ETTm1,336,11,rmse_per,3.221451745782145
W1,forest_plot,ETTm1,336,11,rmse_last,3.2883611733259763
W1,forest_plot,ETTm1,336,11,delta_rmse,0.06690942754383133
W1,forest_plot,ETTm1,336,11,delta_rmse_pct,2.034734751358122
W1,forest_plot,ETTm1,336,11,cka_full_mean_per,0.9569327910999936
W1,forest_plot,ETTm1,336,11,cka_full_mean_last,0.9562812341206576
W1,forest_plot,ETTm1,336,11,delta_cka_global,0.0006515569793360543
W1,forest_plot,ETTm1,336,11,grad_align_mean_per,0.0034868197363834
W1,forest_plot,ETTm1,336,11,grad_align_mean_last,-0.0079838989427577
W1,forest_plot,ETTm1,336,11,delta_grad_align_all,0.011470718679141099
W1,forest_plot,ETTm1,336,13,rmse_per,3.230096318134533
W1,forest_plot,ETTm1,336,13,rmse_last,3.313896172867137
W1,forest_plot,ETTm1,336,13,delta_rmse,0.08379985473260376
W1,forest_plot,ETTm1,336,13,delta_rmse_pct,2.5287411059744005
W1,forest_plot,ETTm1,336,13,cka_full_mean_per,0.9675396880135826
W1,forest_plot,ETTm1,336,13,cka_full_mean_last,0.9512106510219606
W1,forest_plot,ETTm1,336,13,delta_cka_global,0.016329036991622026
W1,forest_plot,ETTm1,336,13,grad_align_mean_per,0.0024981941784228
W1,forest_plot,ETTm1,336,13,grad_align_mean_last,0.0049060463394942
W1,forest_plot,ETTm1,336,13,delta_grad_align_all,-0.0024078521610714
W1,forest_plot,ETTm1,336,17,rmse_per,3.2245932566507363
W1,forest_plot,ETTm1,336,17,rmse_last,3.304752863244328
W1,forest_plot,ETTm1,336,17,delta_rmse,0.08015960659359189
W1,forest_plot,ETTm1,336,17,delta_rmse_pct,2.425585510043191
W1,forest_plot,ETTm1,336,17,cka_full_mean_per,0.9403617194428624
W1,forest_plot,ETTm1,336,17,cka_full_mean_last,0.9680917691011404
W1,forest_plot,ETTm1,336,17,delta_cka_global,-0.027730049658277967
W1,forest_plot,ETTm1,336,17,grad_align_mean_per,-0.000371009946156
W1,forest_plot,ETTm1,336,17,grad_align_mean_last,0.0037436465850085
W1,forest_plot,ETTm1,336,17,delta_grad_align_all,-0.0041146565311645
W1,forest_plot,ETTm1,336,19,rmse_per,3.223365363507928
W1,forest_plot,ETTm1,336,19,rmse_last,3.3088564717765974
W1,forest_plot,ETTm1,336,19,delta_rmse,0.08549110826866935
W1,forest_plot,ETTm1,336,19,delta_rmse_pct,2.5837055489677163
W1,forest_plot,ETTm1,336,19,cka_full_mean_per,0.9553822383862128
W1,forest_plot,ETTm1,336,19,cka_full_mean_last,0.9409727468219524
W1,forest_plot,ETTm1,336,19,delta_cka_global,0.014409491564260413
W1,forest_plot,ETTm1,336,19,grad_align_mean_per,-0.0051336971214199
W1,forest_plot,ETTm1,336,19,grad_align_mean_last,-0.0075736417376937
W1,forest_plot,ETTm1,336,19,delta_grad_align_all,0.0024399446162738005
W1,forest_plot,ETTm1,336,23,rmse_per,3.2239972647851745
W1,forest_plot,ETTm1,336,23,rmse_last,3.3269073694586835
W1,forest_plot,ETTm1,336,23,delta_rmse,0.10291010467350903
W1,forest_plot,ETTm1,336,23,delta_rmse_pct,3.0932663054653484
W1,forest_plot,ETTm1,336,23,cka_full_mean_per,0.9476951035350648
W1,forest_plot,ETTm1,336,23,cka_full_mean_last,0.962777000589336
W1,forest_plot,ETTm1,336,23,delta_cka_global,-0.01508189705427121
W1,forest_plot,ETTm1,336,23,grad_align_mean_per,0.0042043491013046
W1,forest_plot,ETTm1,336,23,grad_align_mean_last,-0.0026698043566257
W1,forest_plot,ETTm1,336,23,delta_grad_align_all,0.0068741534579303
W1,forest_plot,ETTm1,720,42,rmse_per,3.324168114102816
W1,forest_plot,ETTm1,720,42,rmse_last,3.413453770191615
W1,forest_plot,ETTm1,720,42,delta_rmse,0.08928565608879913
W1,forest_plot,ETTm1,720,42,delta_rmse_pct,2.615698412806893
W1,forest_plot,ETTm1,720,42,cka_full_mean_per,0.9659087972528444
W1,forest_plot,ETTm1,720,42,cka_full_mean_last,0.9610710501959454
W1,forest_plot,ETTm1,720,42,delta_cka_global,0.004837747056898989
W1,forest_plot,ETTm1,720,42,grad_align_mean_per,-0.0006441045419041
W1,forest_plot,ETTm1,720,42,grad_align_mean_last,0.0049104513878131
W1,forest_plot,ETTm1,720,42,delta_grad_align_all,-0.0055545559297172
W1,forest_plot,ETTm1,720,2,rmse_per,3.307354943979232
W1,forest_plot,ETTm1,720,2,rmse_last,3.462669886198176
W1,forest_plot,ETTm1,720,2,delta_rmse,0.15531494221894437
W1,forest_plot,ETTm1,720,2,delta_rmse_pct,4.485410025310607
W1,forest_plot,ETTm1,720,2,cka_full_mean_per,0.9636301532327816
W1,forest_plot,ETTm1,720,2,cka_full_mean_last,0.9691174954591228
W1,forest_plot,ETTm1,720,2,delta_cka_global,-0.005487342226341285
W1,forest_plot,ETTm1,720,2,grad_align_mean_per,-0.0021880841208333
W1,forest_plot,ETTm1,720,2,grad_align_mean_last,0.0004371334856961
W1,forest_plot,ETTm1,720,2,delta_grad_align_all,-0.0026252176065293996
W1,forest_plot,ETTm1,720,3,rmse_per,3.31676151453114
W1,forest_plot,ETTm1,720,3,rmse_last,3.395263733318315
W1,forest_plot,ETTm1,720,3,delta_rmse,0.0785022187871749
W1,forest_plot,ETTm1,720,3,delta_rmse_pct,2.3121096018791985
W1,forest_plot,ETTm1,720,3,cka_full_mean_per,0.9749745603202572
W1,forest_plot,ETTm1,720,3,cka_full_mean_last,0.98253323507504
W1,forest_plot,ETTm1,720,3,delta_cka_global,-0.007558674754782779
W1,forest_plot,ETTm1,720,3,grad_align_mean_per,0.0009523396546929
W1,forest_plot,ETTm1,720,3,grad_align_mean_last,-0.0011245925559859
W1,forest_plot,ETTm1,720,3,delta_grad_align_all,0.0020769322106788
W1,forest_plot,ETTm1,720,5,rmse_per,3.3106469783445904
W1,forest_plot,ETTm1,720,5,rmse_last,3.408373949202185
W1,forest_plot,ETTm1,720,5,delta_rmse,0.09772697085759452
W1,forest_plot,ETTm1,720,5,delta_rmse_pct,2.8672608203823984
W1,forest_plot,ETTm1,720,5,cka_full_mean_per,0.9676048652957012
W1,forest_plot,ETTm1,720,5,cka_full_mean_last,0.9782934789539806
W1,forest_plot,ETTm1,720,5,delta_cka_global,-0.010688613658279333
W1,forest_plot,ETTm1,720,5,grad_align_mean_per,-0.0044575454938411
W1,forest_plot,ETTm1,720,5,grad_align_mean_last,-0.0020165732399589
W1,forest_plot,ETTm1,720,5,delta_grad_align_all,-0.0024409722538822
W1,forest_plot,ETTm1,720,7,rmse_per,3.3349619383691764
W1,forest_plot,ETTm1,720,7,rmse_last,3.418640419495748
W1,forest_plot,ETTm1,720,7,delta_rmse,0.08367848112657139
W1,forest_plot,ETTm1,720,7,delta_rmse_pct,2.4477122732584444
W1,forest_plot,ETTm1,720,7,cka_full_mean_per,0.967116947302561
W1,forest_plot,ETTm1,720,7,cka_full_mean_last,0.9749327343328243
W1,forest_plot,ETTm1,720,7,delta_cka_global,-0.00781578703026331
W1,forest_plot,ETTm1,720,7,grad_align_mean_per,0.0043425882156907
W1,forest_plot,ETTm1,720,7,grad_align_mean_last,-0.0009604197171325
W1,forest_plot,ETTm1,720,7,delta_grad_align_all,0.0053030079328232
W1,forest_plot,ETTm1,720,11,rmse_per,3.312259737334305
W1,forest_plot,ETTm1,720,11,rmse_last,3.439880240595756
W1,forest_plot,ETTm1,720,11,delta_rmse,0.12762050326145102
W1,forest_plot,ETTm1,720,11,delta_rmse_pct,3.710027510706254
W1,forest_plot,ETTm1,720,11,cka_full_mean_per,0.9689022901387097
W1,forest_plot,ETTm1,720,11,cka_full_mean_last,0.9746748034024146
W1,forest_plot,ETTm1,720,11,delta_cka_global,-0.005772513263704981
W1,forest_plot,ETTm1,720,11,grad_align_mean_per,-0.003213421072031
W1,forest_plot,ETTm1,720,11,grad_align_mean_last,0.000393757168849
W1,forest_plot,ETTm1,720,11,delta_grad_align_all,-0.00360717824088
W1,forest_plot,ETTm1,720,13,rmse_per,3.334985244237921
W1,forest_plot,ETTm1,720,13,rmse_last,3.415999991030548
W1,forest_plot,ETTm1,720,13,delta_rmse,0.08101474679262699
W1,forest_plot,ETTm1,720,13,delta_rmse_pct,2.3716260832947555
W1,forest_plot,ETTm1,720,13,cka_full_mean_per,0.9713503751319856
W1,forest_plot,ETTm1,720,13,cka_full_mean_last,0.97998283941189
W1,forest_plot,ETTm1,720,13,delta_cka_global,-0.008632464279904384
W1,forest_plot,ETTm1,720,13,grad_align_mean_per,-0.0029792709432084
W1,forest_plot,ETTm1,720,13,grad_align_mean_last,-0.0019939117746484
W1,forest_plot,ETTm1,720,13,delta_grad_align_all,-0.00098535916856
W1,forest_plot,ETTm1,720,17,rmse_per,3.317588209116459
W1,forest_plot,ETTm1,720,17,rmse_last,3.4321384579043537
W1,forest_plot,ETTm1,720,17,delta_rmse,0.11455024878789466
W1,forest_plot,ETTm1,720,17,delta_rmse_pct,3.3375765632088883
W1,forest_plot,ETTm1,720,17,cka_full_mean_per,0.9701319635506446
W1,forest_plot,ETTm1,720,17,cka_full_mean_last,0.964425487004892
W1,forest_plot,ETTm1,720,17,delta_cka_global,0.005706476545752626
W1,forest_plot,ETTm1,720,17,grad_align_mean_per,-0.000262768474925
W1,forest_plot,ETTm1,720,17,grad_align_mean_last,0.0018200216236402
W1,forest_plot,ETTm1,720,17,delta_grad_align_all,-0.0020827900985652
W1,forest_plot,ETTm1,720,19,rmse_per,3.3422390384989384
W1,forest_plot,ETTm1,720,19,rmse_last,3.41456499046316
W1,forest_plot,ETTm1,720,19,delta_rmse,0.07232595196422142
W1,forest_plot,ETTm1,720,19,delta_rmse_pct,2.1181600633236433
W1,forest_plot,ETTm1,720,19,cka_full_mean_per,0.9673981123892116
W1,forest_plot,ETTm1,720,19,cka_full_mean_last,0.9608784564918754
W1,forest_plot,ETTm1,720,19,delta_cka_global,0.006519655897336163
W1,forest_plot,ETTm1,720,19,grad_align_mean_per,0.0002690967692309
W1,forest_plot,ETTm1,720,19,grad_align_mean_last,-0.0033857653562837
W1,forest_plot,ETTm1,720,19,delta_grad_align_all,0.0036548621255145996
W1,forest_plot,ETTm1,720,23,rmse_per,3.3152516290551213
W1,forest_plot,ETTm1,720,23,rmse_last,3.40463106372096
W1,forest_plot,ETTm1,720,23,delta_rmse,0.08937943466583853
W1,forest_plot,ETTm1,720,23,delta_rmse_pct,2.6252311335065697
W1,forest_plot,ETTm1,720,23,cka_full_mean_per,0.9640254357637492
W1,forest_plot,ETTm1,720,23,cka_full_mean_last,0.9693187933363976
W1,forest_plot,ETTm1,720,23,delta_cka_global,-0.005293357572648372
W1,forest_plot,ETTm1,720,23,grad_align_mean_per,-0.0013786490251841
W1,forest_plot,ETTm1,720,23,grad_align_mean_last,-0.004074696403956
W1,forest_plot,ETTm1,720,23,delta_grad_align_all,0.0026960473787718997
W1,forest_plot,ETTm2,96,42,rmse_per,2.962112394962937
W1,forest_plot,ETTm2,96,42,rmse_last,3.155873493361785
W1,forest_plot,ETTm2,96,42,delta_rmse,0.19376109839884803
W1,forest_plot,ETTm2,96,42,delta_rmse_pct,6.139697893670783
W1,forest_plot,ETTm2,96,42,cka_full_mean_per,0.9117820252855656
W1,forest_plot,ETTm2,96,42,cka_full_mean_last,0.9337556098187348
W1,forest_plot,ETTm2,96,42,delta_cka_global,-0.02197358453316922
W1,forest_plot,ETTm2,96,42,grad_align_mean_per,-0.0027789874322723
W1,forest_plot,ETTm2,96,42,grad_align_mean_last,0.0030095678439215
W1,forest_plot,ETTm2,96,42,delta_grad_align_all,-0.0057885552761937995
W1,forest_plot,ETTm2,96,2,rmse_per,2.950678382072284
W1,forest_plot,ETTm2,96,2,rmse_last,3.175199673599145
W1,forest_plot,ETTm2,96,2,delta_rmse,0.22452129152686107
W1,forest_plot,ETTm2,96,2,delta_rmse_pct,7.071092044815002
W1,forest_plot,ETTm2,96,2,cka_full_mean_per,0.9092722149362736
W1,forest_plot,ETTm2,96,2,cka_full_mean_last,0.9504706676199774
W1,forest_plot,ETTm2,96,2,delta_cka_global,-0.04119845268370381
W1,forest_plot,ETTm2,96,2,grad_align_mean_per,-0.0056479905970063
W1,forest_plot,ETTm2,96,2,grad_align_mean_last,0.0045297990605338
W1,forest_plot,ETTm2,96,2,delta_grad_align_all,-0.0101777896575401
W1,forest_plot,ETTm2,96,3,rmse_per,2.952829982008603
W1,forest_plot,ETTm2,96,3,rmse_last,3.1889540403875536
W1,forest_plot,ETTm2,96,3,delta_rmse,0.23612405837895079
W1,forest_plot,ETTm2,96,3,delta_rmse_pct,7.404435918124886
W1,forest_plot,ETTm2,96,3,cka_full_mean_per,0.9129690434502936
W1,forest_plot,ETTm2,96,3,cka_full_mean_last,0.9389656262435916
W1,forest_plot,ETTm2,96,3,delta_cka_global,-0.025996582793297973
W1,forest_plot,ETTm2,96,3,grad_align_mean_per,0.002506253649433
W1,forest_plot,ETTm2,96,3,grad_align_mean_last,0.0063191139437513
W1,forest_plot,ETTm2,96,3,delta_grad_align_all,-0.0038128602943182997
W1,forest_plot,ETTm2,96,5,rmse_per,2.95963083387972
W1,forest_plot,ETTm2,96,5,rmse_last,3.222440215296804
W1,forest_plot,ETTm2,96,5,delta_rmse,0.262809381417084
W1,forest_plot,ETTm2,96,5,delta_rmse_pct,8.15560146529756
W1,forest_plot,ETTm2,96,5,cka_full_mean_per,0.9062947607329076
W1,forest_plot,ETTm2,96,5,cka_full_mean_last,0.9418388021045218
W1,forest_plot,ETTm2,96,5,delta_cka_global,-0.035544041371614155
W1,forest_plot,ETTm2,96,5,grad_align_mean_per,0.0038093766432977
W1,forest_plot,ETTm2,96,5,grad_align_mean_last,0.0024253279556028
W1,forest_plot,ETTm2,96,5,delta_grad_align_all,0.0013840486876948999
W1,forest_plot,ETTm2,96,7,rmse_per,2.954129487213057
W1,forest_plot,ETTm2,96,7,rmse_last,3.183128800403926
W1,forest_plot,ETTm2,96,7,delta_rmse,0.2289993131908692
W1,forest_plot,ETTm2,96,7,delta_rmse_pct,7.194157935481909
W1,forest_plot,ETTm2,96,7,cka_full_mean_per,0.915645101663002
W1,forest_plot,ETTm2,96,7,cka_full_mean_last,0.9299529723055208
W1,forest_plot,ETTm2,96,7,delta_cka_global,-0.014307870642518816
W1,forest_plot,ETTm2,96,7,grad_align_mean_per,-0.0023422048968309
W1,forest_plot,ETTm2,96,7,grad_align_mean_last,0.0121549335259123
W1,forest_plot,ETTm2,96,7,delta_grad_align_all,-0.0144971384227432
W1,forest_plot,ETTm2,96,11,rmse_per,2.974694494380877
W1,forest_plot,ETTm2,96,11,rmse_last,3.1688113896971086
W1,forest_plot,ETTm2,96,11,delta_rmse,0.19411689531623155
W1,forest_plot,ETTm2,96,11,delta_rmse_pct,6.125858293345324
W1,forest_plot,ETTm2,96,11,cka_full_mean_per,0.9041628219440272
W1,forest_plot,ETTm2,96,11,cka_full_mean_last,0.9252774032734216
W1,forest_plot,ETTm2,96,11,delta_cka_global,-0.021114581329394366
W1,forest_plot,ETTm2,96,11,grad_align_mean_per,-0.0013811631900264
W1,forest_plot,ETTm2,96,11,grad_align_mean_last,0.0038486232857695
W1,forest_plot,ETTm2,96,11,delta_grad_align_all,-0.005229786475795899
W1,forest_plot,ETTm2,96,13,rmse_per,2.9465238877769573
W1,forest_plot,ETTm2,96,13,rmse_last,3.198022117905655
W1,forest_plot,ETTm2,96,13,delta_rmse,0.25149823012869765
W1,forest_plot,ETTm2,96,13,delta_rmse_pct,7.864180448301613
W1,forest_plot,ETTm2,96,13,cka_full_mean_per,0.9209475374470222
W1,forest_plot,ETTm2,96,13,cka_full_mean_last,0.9497591307238412
W1,forest_plot,ETTm2,96,13,delta_cka_global,-0.028811593276819036
W1,forest_plot,ETTm2,96,13,grad_align_mean_per,-0.0073226363748881
W1,forest_plot,ETTm2,96,13,grad_align_mean_last,-0.0039637817221593
W1,forest_plot,ETTm2,96,13,delta_grad_align_all,-0.0033588546527288004
W1,forest_plot,ETTm2,96,17,rmse_per,2.9605132833272063
W1,forest_plot,ETTm2,96,17,rmse_last,3.1893454800420185
W1,forest_plot,ETTm2,96,17,delta_rmse,0.22883219671481214
W1,forest_plot,ETTm2,96,17,delta_rmse_pct,7.174895229970425
W1,forest_plot,ETTm2,96,17,cka_full_mean_per,0.8916037078369163
W1,forest_plot,ETTm2,96,17,cka_full_mean_last,0.9591952716574996
W1,forest_plot,ETTm2,96,17,delta_cka_global,-0.06759156382058329
W1,forest_plot,ETTm2,96,17,grad_align_mean_per,0.0009146849066689
W1,forest_plot,ETTm2,96,17,grad_align_mean_last,0.0088932910469211
W1,forest_plot,ETTm2,96,17,delta_grad_align_all,-0.0079786061402522
W1,forest_plot,ETTm2,96,19,rmse_per,2.956160504073195
W1,forest_plot,ETTm2,96,19,rmse_last,3.1839575436795027
W1,forest_plot,ETTm2,96,19,delta_rmse,0.22779703960630782
W1,forest_plot,ETTm2,96,19,delta_rmse_pct,7.154525036255882
W1,forest_plot,ETTm2,96,19,cka_full_mean_per,0.9163826068236636
W1,forest_plot,ETTm2,96,19,cka_full_mean_last,0.9448150559121956
W1,forest_plot,ETTm2,96,19,delta_cka_global,-0.02843244908853204
W1,forest_plot,ETTm2,96,19,grad_align_mean_per,0.0068122494130077
W1,forest_plot,ETTm2,96,19,grad_align_mean_last,-0.0012378684871852
W1,forest_plot,ETTm2,96,19,delta_grad_align_all,0.0080501179001929
W1,forest_plot,ETTm2,96,23,rmse_per,2.9548115430400657
W1,forest_plot,ETTm2,96,23,rmse_last,3.17101558073
W1,forest_plot,ETTm2,96,23,delta_rmse,0.21620403768993413
W1,forest_plot,ETTm2,96,23,delta_rmse_pct,6.8181323044827735
W1,forest_plot,ETTm2,96,23,cka_full_mean_per,0.8997819177618739
W1,forest_plot,ETTm2,96,23,cka_full_mean_last,0.93665148800664
W1,forest_plot,ETTm2,96,23,delta_cka_global,-0.036869570244766114
W1,forest_plot,ETTm2,96,23,grad_align_mean_per,0.0001766764306309
W1,forest_plot,ETTm2,96,23,grad_align_mean_last,-0.0053570086994239
W1,forest_plot,ETTm2,96,23,delta_grad_align_all,0.005533685130054799
W1,forest_plot,ETTm2,192,42,rmse_per,3.3365000623431174
W1,forest_plot,ETTm2,192,42,rmse_last,3.604079287724818
W1,forest_plot,ETTm2,192,42,delta_rmse,0.2675792253817004
W1,forest_plot,ETTm2,192,42,delta_rmse_pct,7.424343473603706
W1,forest_plot,ETTm2,192,42,cka_full_mean_per,0.9217593168774968
W1,forest_plot,ETTm2,192,42,cka_full_mean_last,0.9385219137935956
W1,forest_plot,ETTm2,192,42,delta_cka_global,-0.016762596916098826
W1,forest_plot,ETTm2,192,42,grad_align_mean_per,-0.0039566222896781
W1,forest_plot,ETTm2,192,42,grad_align_mean_last,0.001643545192076
W1,forest_plot,ETTm2,192,42,delta_grad_align_all,-0.0056001674817541
W1,forest_plot,ETTm2,192,2,rmse_per,3.333059887796378
W1,forest_plot,ETTm2,192,2,rmse_last,3.60205644046297
W1,forest_plot,ETTm2,192,2,delta_rmse,0.2689965526665916
W1,forest_plot,ETTm2,192,2,delta_rmse_pct,7.467860571113585
W1,forest_plot,ETTm2,192,2,cka_full_mean_per,0.9021058996947894
W1,forest_plot,ETTm2,192,2,cka_full_mean_last,0.9155017352964936
W1,forest_plot,ETTm2,192,2,delta_cka_global,-0.013395835601704209
W1,forest_plot,ETTm2,192,2,grad_align_mean_per,-0.0008289429940534
W1,forest_plot,ETTm2,192,2,grad_align_mean_last,-0.0024200652192134
W1,forest_plot,ETTm2,192,2,delta_grad_align_all,0.00159112222516
W1,forest_plot,ETTm2,192,3,rmse_per,3.3296009784629224
W1,forest_plot,ETTm2,192,3,rmse_last,3.551772311886132
W1,forest_plot,ETTm2,192,3,delta_rmse,0.22217133342320983
W1,forest_plot,ETTm2,192,3,delta_rmse_pct,6.2552245446507255
W1,forest_plot,ETTm2,192,3,cka_full_mean_per,0.8271607469579313
W1,forest_plot,ETTm2,192,3,cka_full_mean_last,0.9612488986696994
W1,forest_plot,ETTm2,192,3,delta_cka_global,-0.13408815171176813
W1,forest_plot,ETTm2,192,3,grad_align_mean_per,-0.0037966624927126
W1,forest_plot,ETTm2,192,3,grad_align_mean_last,0.0004866884565705
W1,forest_plot,ETTm2,192,3,delta_grad_align_all,-0.0042833509492831
W1,forest_plot,ETTm2,192,5,rmse_per,3.336887054735964
W1,forest_plot,ETTm2,192,5,rmse_last,3.634771922012278
W1,forest_plot,ETTm2,192,5,delta_rmse,0.2978848672763137
W1,forest_plot,ETTm2,192,5,delta_rmse_pct,8.195421161705218
W1,forest_plot,ETTm2,192,5,cka_full_mean_per,0.9528367617277164
W1,forest_plot,ETTm2,192,5,cka_full_mean_last,0.9561068844376326
W1,forest_plot,ETTm2,192,5,delta_cka_global,-0.0032701227099162233
W1,forest_plot,ETTm2,192,5,grad_align_mean_per,8.225147415449755e-05
W1,forest_plot,ETTm2,192,5,grad_align_mean_last,-0.0053838913627257
W1,forest_plot,ETTm2,192,5,delta_grad_align_all,0.005466142836880197
W1,forest_plot,ETTm2,192,7,rmse_per,3.3186128462272504
W1,forest_plot,ETTm2,192,7,rmse_last,3.6152327922403344
W1,forest_plot,ETTm2,192,7,delta_rmse,0.29661994601308406
W1,forest_plot,ETTm2,192,7,delta_rmse_pct,8.204726031743887
W1,forest_plot,ETTm2,192,7,cka_full_mean_per,0.9318929649346244
W1,forest_plot,ETTm2,192,7,cka_full_mean_last,0.950691642885847
W1,forest_plot,ETTm2,192,7,delta_cka_global,-0.018798677951222587
W1,forest_plot,ETTm2,192,7,grad_align_mean_per,0.0099099935443768
W1,forest_plot,ETTm2,192,7,grad_align_mean_last,0.0015693846570335
W1,forest_plot,ETTm2,192,7,delta_grad_align_all,0.008340608887343299
W1,forest_plot,ETTm2,192,11,rmse_per,3.366661367003043
W1,forest_plot,ETTm2,192,11,rmse_last,3.621638087373321
W1,forest_plot,ETTm2,192,11,delta_rmse,0.25497672037027774
W1,forest_plot,ETTm2,192,11,delta_rmse_pct,7.040369971236018
W1,forest_plot,ETTm2,192,11,cka_full_mean_per,0.9328407888670088
W1,forest_plot,ETTm2,192,11,cka_full_mean_last,0.9480337617793626
W1,forest_plot,ETTm2,192,11,delta_cka_global,-0.015192972912353775
W1,forest_plot,ETTm2,192,11,grad_align_mean_per,0.0008571897468342
W1,forest_plot,ETTm2,192,11,grad_align_mean_last,-0.0014533342476125
W1,forest_plot,ETTm2,192,11,delta_grad_align_all,0.0023105239944467
W1,forest_plot,ETTm2,192,13,rmse_per,3.313194346080885
W1,forest_plot,ETTm2,192,13,rmse_last,3.618741782908754
W1,forest_plot,ETTm2,192,13,delta_rmse,0.3055474368278688
W1,forest_plot,ETTm2,192,13,delta_rmse_pct,8.443471658325093
W1,forest_plot,ETTm2,192,13,cka_full_mean_per,0.8994151728458594
W1,forest_plot,ETTm2,192,13,cka_full_mean_last,0.9571031460808102
W1,forest_plot,ETTm2,192,13,delta_cka_global,-0.057687973234950785
W1,forest_plot,ETTm2,192,13,grad_align_mean_per,0.0009000075232314
W1,forest_plot,ETTm2,192,13,grad_align_mean_last,0.0037443263149142
W1,forest_plot,ETTm2,192,13,delta_grad_align_all,-0.0028443187916828
W1,forest_plot,ETTm2,192,17,rmse_per,3.360755388406107
W1,forest_plot,ETTm2,192,17,rmse_last,3.6421859080058727
W1,forest_plot,ETTm2,192,17,delta_rmse,0.2814305195997657
W1,forest_plot,ETTm2,192,17,delta_rmse_pct,7.726967450539924
W1,forest_plot,ETTm2,192,17,cka_full_mean_per,0.9514609366586008
W1,forest_plot,ETTm2,192,17,cka_full_mean_last,0.9706749571630636
W1,forest_plot,ETTm2,192,17,delta_cka_global,-0.01921402050446286
W1,forest_plot,ETTm2,192,17,grad_align_mean_per,-0.000961230948959
W1,forest_plot,ETTm2,192,17,grad_align_mean_last,-0.0031868016773812
W1,forest_plot,ETTm2,192,17,delta_grad_align_all,0.0022255707284222002
W1,forest_plot,ETTm2,192,19,rmse_per,3.3282063792133925
W1,forest_plot,ETTm2,192,19,rmse_last,3.601639422011049
W1,forest_plot,ETTm2,192,19,delta_rmse,0.27343304279765634
W1,forest_plot,ETTm2,192,19,delta_rmse_pct,7.591904984341253
W1,forest_plot,ETTm2,192,19,cka_full_mean_per,0.9119953025670364
W1,forest_plot,ETTm2,192,19,cka_full_mean_last,0.9433175179304696
W1,forest_plot,ETTm2,192,19,delta_cka_global,-0.03132221536343316
W1,forest_plot,ETTm2,192,19,grad_align_mean_per,0.0072045873144876
W1,forest_plot,ETTm2,192,19,grad_align_mean_last,0.0072083006575238
W1,forest_plot,ETTm2,192,19,delta_grad_align_all,-3.7133430361999467e-06
W1,forest_plot,ETTm2,192,23,rmse_per,3.332678317245058
W1,forest_plot,ETTm2,192,23,rmse_last,3.588276019550401
W1,forest_plot,ETTm2,192,23,delta_rmse,0.25559770230534307
W1,forest_plot,ETTm2,192,23,delta_rmse_pct,7.123133808902711
W1,forest_plot,ETTm2,192,23,cka_full_mean_per,0.9364364380309322
W1,forest_plot,ETTm2,192,23,cka_full_mean_last,0.9470854869874624
W1,forest_plot,ETTm2,192,23,delta_cka_global,-0.010649048956530183
W1,forest_plot,ETTm2,192,23,grad_align_mean_per,-0.0037589518502256
W1,forest_plot,ETTm2,192,23,grad_align_mean_last,-0.0068561290292745
W1,forest_plot,ETTm2,192,23,delta_grad_align_all,0.0030971771790489003
W1,forest_plot,ETTm2,336,42,rmse_per,3.666264439686727
W1,forest_plot,ETTm2,336,42,rmse_last,4.006524962988841
W1,forest_plot,ETTm2,336,42,delta_rmse,0.3402605233021143
W1,forest_plot,ETTm2,336,42,delta_rmse_pct,8.49265951030746
W1,forest_plot,ETTm2,336,42,cka_full_mean_per,0.9090390702879432
W1,forest_plot,ETTm2,336,42,cka_full_mean_last,0.9016212021879852
W1,forest_plot,ETTm2,336,42,delta_cka_global,0.007417868099957925
W1,forest_plot,ETTm2,336,42,grad_align_mean_per,0.0022612564553685
W1,forest_plot,ETTm2,336,42,grad_align_mean_last,-0.003445330619253
W1,forest_plot,ETTm2,336,42,delta_grad_align_all,0.0057065870746215
W1,forest_plot,ETTm2,336,2,rmse_per,3.700033579493554
W1,forest_plot,ETTm2,336,2,rmse_last,3.982336263218148
W1,forest_plot,ETTm2,336,2,delta_rmse,0.2823026837245939
W1,forest_plot,ETTm2,336,2,delta_rmse_pct,7.0888710813301214
W1,forest_plot,ETTm2,336,2,cka_full_mean_per,0.9483541695943736
W1,forest_plot,ETTm2,336,2,cka_full_mean_last,0.9307828051415103
W1,forest_plot,ETTm2,336,2,delta_cka_global,0.017571364452863225
W1,forest_plot,ETTm2,336,2,grad_align_mean_per,-0.0018071704330156
W1,forest_plot,ETTm2,336,2,grad_align_mean_last,-0.0071952438819439
W1,forest_plot,ETTm2,336,2,delta_grad_align_all,0.0053880734489283
W1,forest_plot,ETTm2,336,3,rmse_per,3.707408632578947
W1,forest_plot,ETTm2,336,3,rmse_last,4.003650430089698
W1,forest_plot,ETTm2,336,3,delta_rmse,0.2962417975107505
W1,forest_plot,ETTm2,336,3,delta_rmse_pct,7.399292287966149
W1,forest_plot,ETTm2,336,3,cka_full_mean_per,0.9344097365986468
W1,forest_plot,ETTm2,336,3,cka_full_mean_last,0.9226907738513832
W1,forest_plot,ETTm2,336,3,delta_cka_global,0.011718962747263584
W1,forest_plot,ETTm2,336,3,grad_align_mean_per,-0.0016549306321739
W1,forest_plot,ETTm2,336,3,grad_align_mean_last,-0.0050989230161998
W1,forest_plot,ETTm2,336,3,delta_grad_align_all,0.0034439923840259004
W1,forest_plot,ETTm2,336,5,rmse_per,3.7112737563527007
W1,forest_plot,ETTm2,336,5,rmse_last,4.017647912768933
W1,forest_plot,ETTm2,336,5,delta_rmse,0.3063741564162319
W1,forest_plot,ETTm2,336,5,delta_rmse_pct,7.625709446626972
W1,forest_plot,ETTm2,336,5,cka_full_mean_per,0.95623053189917
W1,forest_plot,ETTm2,336,5,cka_full_mean_last,0.925161413763804
W1,forest_plot,ETTm2,336,5,delta_cka_global,0.031069118135365947
W1,forest_plot,ETTm2,336,5,grad_align_mean_per,-0.0074513727086248
W1,forest_plot,ETTm2,336,5,grad_align_mean_last,-0.0010908853905046
W1,forest_plot,ETTm2,336,5,delta_grad_align_all,-0.0063604873181202
W1,forest_plot,ETTm2,336,7,rmse_per,3.712760525691143
W1,forest_plot,ETTm2,336,7,rmse_last,4.019219715438767
W1,forest_plot,ETTm2,336,7,delta_rmse,0.30645918974762454
W1,forest_plot,ETTm2,336,7,delta_rmse_pct,7.624842915913324
W1,forest_plot,ETTm2,336,7,cka_full_mean_per,0.9536361138231882
W1,forest_plot,ETTm2,336,7,cka_full_mean_last,0.881253295852621
W1,forest_plot,ETTm2,336,7,delta_cka_global,0.07238281797056723
W1,forest_plot,ETTm2,336,7,grad_align_mean_per,-0.000438577405672
W1,forest_plot,ETTm2,336,7,grad_align_mean_last,-0.0045570804125456
W1,forest_plot,ETTm2,336,7,delta_grad_align_all,0.0041185030068736
W1,forest_plot,ETTm2,336,11,rmse_per,3.692653739895095
W1,forest_plot,ETTm2,336,11,rmse_last,4.037162289505667
W1,forest_plot,ETTm2,336,11,delta_rmse,0.344508549610572
W1,forest_plot,ETTm2,336,11,delta_rmse_pct,8.533433260934267
W1,forest_plot,ETTm2,336,11,cka_full_mean_per,0.9220327251862844
W1,forest_plot,ETTm2,336,11,cka_full_mean_last,0.9321060008694364
W1,forest_plot,ETTm2,336,11,delta_cka_global,-0.010073275683151972
W1,forest_plot,ETTm2,336,11,grad_align_mean_per,-0.003714470214402
W1,forest_plot,ETTm2,336,11,grad_align_mean_last,0.000932564660862
W1,forest_plot,ETTm2,336,11,delta_grad_align_all,-0.004647034875264
W1,forest_plot,ETTm2,336,13,rmse_per,3.6899756187315775
W1,forest_plot,ETTm2,336,13,rmse_last,4.034082171910553
W1,forest_plot,ETTm2,336,13,delta_rmse,0.34410655317897554
W1,forest_plot,ETTm2,336,13,delta_rmse_pct,8.529983736449415
W1,forest_plot,ETTm2,336,13,cka_full_mean_per,0.9469134859333694
W1,forest_plot,ETTm2,336,13,cka_full_mean_last,0.9035565912769314
W1,forest_plot,ETTm2,336,13,delta_cka_global,0.043356894656437994
W1,forest_plot,ETTm2,336,13,grad_align_mean_per,0.0063880674117809
W1,forest_plot,ETTm2,336,13,grad_align_mean_last,-0.0037683698286447
W1,forest_plot,ETTm2,336,13,delta_grad_align_all,0.0101564372404256
W1,forest_plot,ETTm2,336,17,rmse_per,3.672010573461265
W1,forest_plot,ETTm2,336,17,rmse_last,4.00929087240631
W1,forest_plot,ETTm2,336,17,delta_rmse,0.33728029894504497
W1,forest_plot,ETTm2,336,17,delta_rmse_pct,8.412467682660672
W1,forest_plot,ETTm2,336,17,cka_full_mean_per,0.9537848872022012
W1,forest_plot,ETTm2,336,17,cka_full_mean_last,0.9239905566195944
W1,forest_plot,ETTm2,336,17,delta_cka_global,0.02979433058260683
W1,forest_plot,ETTm2,336,17,grad_align_mean_per,0.0063227784020052
W1,forest_plot,ETTm2,336,17,grad_align_mean_last,-0.0008003498866819
W1,forest_plot,ETTm2,336,17,delta_grad_align_all,0.0071231282886871005
W1,forest_plot,ETTm2,336,19,rmse_per,3.689349987391786
W1,forest_plot,ETTm2,336,19,rmse_last,4.032437881398049
W1,forest_plot,ETTm2,336,19,delta_rmse,0.3430878940062625
W1,forest_plot,ETTm2,336,19,delta_rmse_pct,8.50820035167693
W1,forest_plot,ETTm2,336,19,cka_full_mean_per,0.9364269392780162
W1,forest_plot,ETTm2,336,19,cka_full_mean_last,0.9173989966666146
W1,forest_plot,ETTm2,336,19,delta_cka_global,0.019027942611401616
W1,forest_plot,ETTm2,336,19,grad_align_mean_per,-3.104087753941084e-05
W1,forest_plot,ETTm2,336,19,grad_align_mean_last,-0.0027147900595001
W1,forest_plot,ETTm2,336,19,delta_grad_align_all,0.002683749181960689
W1,forest_plot,ETTm2,336,23,rmse_per,3.6668690423314
W1,forest_plot,ETTm2,336,23,rmse_last,4.022568929305702
W1,forest_plot,ETTm2,336,23,delta_rmse,0.35569988697430244
W1,forest_plot,ETTm2,336,23,delta_rmse_pct,8.842605141776811
W1,forest_plot,ETTm2,336,23,cka_full_mean_per,0.927007835954314
W1,forest_plot,ETTm2,336,23,cka_full_mean_last,0.9126314232092132
W1,forest_plot,ETTm2,336,23,delta_cka_global,0.01437641274510082
W1,forest_plot,ETTm2,336,23,grad_align_mean_per,0.0043983621901322
W1,forest_plot,ETTm2,336,23,grad_align_mean_last,-0.0017601878508125
W1,forest_plot,ETTm2,336,23,delta_grad_align_all,0.0061585500409447
W1,forest_plot,ETTm2,720,42,rmse_per,4.091216490014194
W1,forest_plot,ETTm2,720,42,rmse_last,4.358931542814855
W1,forest_plot,ETTm2,720,42,delta_rmse,0.26771505280066155
W1,forest_plot,ETTm2,720,42,delta_rmse_pct,6.141758597745262
W1,forest_plot,ETTm2,720,42,cka_full_mean_per,0.8935913198506317
W1,forest_plot,ETTm2,720,42,cka_full_mean_last,0.8977569163732683
W1,forest_plot,ETTm2,720,42,delta_cka_global,-0.004165596522636594
W1,forest_plot,ETTm2,720,42,grad_align_mean_per,-0.0076542644268799
W1,forest_plot,ETTm2,720,42,grad_align_mean_last,-0.0053613527562845
W1,forest_plot,ETTm2,720,42,delta_grad_align_all,-0.0022929116705954003
W1,forest_plot,ETTm2,720,2,rmse_per,4.102219534427988
W1,forest_plot,ETTm2,720,2,rmse_last,4.459455948905594
W1,forest_plot,ETTm2,720,2,delta_rmse,0.35723641447760635
W1,forest_plot,ETTm2,720,2,delta_rmse_pct,8.010762267206083
W1,forest_plot,ETTm2,720,2,cka_full_mean_per,0.882795081251211
W1,forest_plot,ETTm2,720,2,cka_full_mean_last,0.9199572845546508
W1,forest_plot,ETTm2,720,2,delta_cka_global,-0.03716220330343978
W1,forest_plot,ETTm2,720,2,grad_align_mean_per,-0.0031056417793253
W1,forest_plot,ETTm2,720,2,grad_align_mean_last,-0.0003148019402038
W1,forest_plot,ETTm2,720,2,delta_grad_align_all,-0.0027908398391215004
W1,forest_plot,ETTm2,720,3,rmse_per,4.115549300879973
W1,forest_plot,ETTm2,720,3,rmse_last,4.351713058086091
W1,forest_plot,ETTm2,720,3,delta_rmse,0.2361637572061177
W1,forest_plot,ETTm2,720,3,delta_rmse_pct,5.426914735733608
W1,forest_plot,ETTm2,720,3,cka_full_mean_per,0.8904595079116954
W1,forest_plot,ETTm2,720,3,cka_full_mean_last,0.900809327190276
W1,forest_plot,ETTm2,720,3,delta_cka_global,-0.010349819278580585
W1,forest_plot,ETTm2,720,3,grad_align_mean_per,0.0043147199183189
W1,forest_plot,ETTm2,720,3,grad_align_mean_last,-0.0027103369054841
W1,forest_plot,ETTm2,720,3,delta_grad_align_all,0.007025056823803
