experiment_type,dataset,plot_type,horizon,seed,mode,model_tag,run_tag,tod,stage,gate_mean
W3,ETTm2,gate_tod_heatmap,96,42,none,HyperConv,W3_ETTm2_96_42_none,0,S,0.4966781558468938
W3,ETTm2,gate_tod_heatmap,96,42,none,HyperConv,W3_ETTm2_96_42_none,1,S,0.4966781558468938
W3,ETTm2,gate_tod_heatmap,96,42,none,HyperConv,W3_ETTm2_96_42_none,2,S,0.4966781558468938
W3,ETTm2,gate_tod_heatmap,96,42,none,HyperConv,W3_ETTm2_96_42_none,3,S,0.4966781558468938
W3,ETTm2,gate_tod_heatmap,96,42,none,HyperConv,W3_ETTm2_96_42_none,4,S,0.4966781558468938
W3,ETTm2,gate_tod_heatmap,96,42,none,HyperConv,W3_ETTm2_96_42_none,6,S,0.4966781558468938
W3,ETTm2,gate_tod_heatmap,96,42,none,HyperConv,W3_ETTm2_96_42_none,8,S,0.4966781558468938
W3,ETTm2,gate_tod_heatmap,96,42,none,HyperConv,W3_ETTm2_96_42_none,9,S,0.4966781558468938
W3,ETTm2,gate_tod_heatmap,96,42,none,HyperConv,W3_ETTm2_96_42_none,10,S,0.4966781558468938
W3,ETTm2,gate_tod_heatmap,96,42,none,HyperConv,W3_ETTm2_96_42_none,11,S,0.4966781558468938
W3,ETTm2,gate_tod_heatmap,96,42,none,HyperConv,W3_ETTm2_96_42_none,12,S,0.4966781558468938
W3,ETTm2,gate_tod_heatmap,96,42,none,HyperConv,W3_ETTm2_96_42_none,13,S,0.4966781558468938
W3,ETTm2,gate_tod_heatmap,96,42,none,HyperConv,W3_ETTm2_96_42_none,15,S,0.4966781558468938
W3,ETTm2,gate_tod_heatmap,96,42,none,HyperConv,W3_ETTm2_96_42_none,16,S,0.4966781558468938
W3,ETTm2,gate_tod_heatmap,96,42,none,HyperConv,W3_ETTm2_96_42_none,17,S,0.4966781558468938
W3,ETTm2,gate_tod_heatmap,96,42,none,HyperConv,W3_ETTm2_96_42_none,19,S,0.4966781558468938
W3,ETTm2,gate_tod_heatmap,96,42,none,HyperConv,W3_ETTm2_96_42_none,21,S,0.4966781558468938
W3,ETTm2,gate_tod_heatmap,96,42,none,HyperConv,W3_ETTm2_96_42_none,22,S,0.4966781558468938
W3,ETTm2,gate_tod_heatmap,96,42,none,HyperConv,W3_ETTm2_96_42_none,23,S,0.4966781558468938
W3,ETTm2,gate_tod_heatmap,96,42,none,HyperConv,W3_ETTm2_96_42_none,24,S,0.4966781558468938
W3,ETTm2,gate_tod_heatmap,96,42,none,HyperConv,W3_ETTm2_96_42_none,25,S,0.4966781558468938
W3,ETTm2,gate_tod_heatmap,96,42,none,HyperConv,W3_ETTm2_96_42_none,26,S,0.4966781558468938
W3,ETTm2,gate_tod_heatmap,96,42,none,HyperConv,W3_ETTm2_96_42_none,27,S,0.4966781558468938
W3,ETTm2,gate_tod_heatmap,96,42,none,HyperConv,W3_ETTm2_96_42_none,29,S,0.4966781558468938
W3,ETTm2,gate_tod_heatmap,96,42,none,HyperConv,W3_ETTm2_96_42_none,30,S,0.4966781558468938
W3,ETTm2,gate_tod_heatmap,96,42,none,HyperConv,W3_ETTm2_96_42_none,32,S,0.4966781558468938
W3,ETTm2,gate_tod_heatmap,96,42,none,HyperConv,W3_ETTm2_96_42_none,33,S,0.4966781558468938
W3,ETTm2,gate_tod_heatmap,96,42,none,HyperConv,W3_ETTm2_96_42_none,34,S,0.4966781558468938
W3,ETTm2,gate_tod_heatmap,96,42,none,HyperConv,W3_ETTm2_96_42_none,35,S,0.4966781558468938
W3,ETTm2,gate_tod_heatmap,96,42,none,HyperConv,W3_ETTm2_96_42_none,37,S,0.4966781558468938
W3,ETTm2,gate_tod_heatmap,96,42,none,HyperConv,W3_ETTm2_96_42_none,38,S,0.4966781558468938
W3,ETTm2,gate_tod_heatmap,96,42,none,HyperConv,W3_ETTm2_96_42_none,39,S,0.4966781558468938
W3,ETTm2,gate_tod_heatmap,96,42,none,HyperConv,W3_ETTm2_96_42_none,41,S,0.4966781558468938
W3,ETTm2,gate_tod_heatmap,96,42,none,HyperConv,W3_ETTm2_96_42_none,42,S,0.4966781558468938
W3,ETTm2,gate_tod_heatmap,96,42,none,HyperConv,W3_ETTm2_96_42_none,43,S,0.4966781558468938
W3,ETTm2,gate_tod_heatmap,96,42,none,HyperConv,W3_ETTm2_96_42_none,44,S,0.4966781558468938
W3,ETTm2,gate_tod_heatmap,96,42,none,HyperConv,W3_ETTm2_96_42_none,45,S,0.4966781558468938
W3,ETTm2,gate_tod_heatmap,96,42,none,HyperConv,W3_ETTm2_96_42_none,46,S,0.4966781558468938
W3,ETTm2,gate_tod_heatmap,96,42,none,HyperConv,W3_ETTm2_96_42_none,47,S,0.4966781558468938
W3,ETTm2,gate_tod_heatmap,96,42,none,HyperConv,W3_ETTm2_96_42_none,48,S,0.4966781558468938
W3,ETTm2,gate_tod_heatmap,96,42,none,HyperConv,W3_ETTm2_96_42_none,49,S,0.4966781558468938
W3,ETTm2,gate_tod_heatmap,96,42,none,HyperConv,W3_ETTm2_96_42_none,50,S,0.4966781558468938
W3,ETTm2,gate_tod_heatmap,96,42,none,HyperConv,W3_ETTm2_96_42_none,51,S,0.4966781558468938
W3,ETTm2,gate_tod_heatmap,96,42,none,HyperConv,W3_ETTm2_96_42_none,52,S,0.4966781558468938
W3,ETTm2,gate_tod_heatmap,96,42,none,HyperConv,W3_ETTm2_96_42_none,54,S,0.4966781558468938
W3,ETTm2,gate_tod_heatmap,96,42,none,HyperConv,W3_ETTm2_96_42_none,55,S,0.4966781558468938
W3,ETTm2,gate_tod_heatmap,96,42,none,HyperConv,W3_ETTm2_96_42_none,57,S,0.4966781558468938
W3,ETTm2,gate_tod_heatmap,96,42,none,HyperConv,W3_ETTm2_96_42_none,58,S,0.4966781558468938
W3,ETTm2,gate_tod_heatmap,96,42,none,HyperConv,W3_ETTm2_96_42_none,59,S,0.4966781558468938
W3,ETTm2,gate_tod_heatmap,96,42,none,HyperConv,W3_ETTm2_96_42_none,60,S,0.4966781558468938
W3,ETTm2,gate_tod_heatmap,96,42,none,HyperConv,W3_ETTm2_96_42_none,61,S,0.4966781558468938
W3,ETTm2,gate_tod_heatmap,96,42,none,HyperConv,W3_ETTm2_96_42_none,63,S,0.4966781558468938
W3,ETTm2,gate_tod_heatmap,96,42,none,HyperConv,W3_ETTm2_96_42_none,64,S,0.4966781558468938
W3,ETTm2,gate_tod_heatmap,96,42,none,HyperConv,W3_ETTm2_96_42_none,66,S,0.4966781558468938
W3,ETTm2,gate_tod_heatmap,96,42,none,HyperConv,W3_ETTm2_96_42_none,67,S,0.4966781558468938
W3,ETTm2,gate_tod_heatmap,96,42,none,HyperConv,W3_ETTm2_96_42_none,68,S,0.4966781558468938
W3,ETTm2,gate_tod_heatmap,96,42,none,HyperConv,W3_ETTm2_96_42_none,70,S,0.4966781558468938
W3,ETTm2,gate_tod_heatmap,96,42,none,HyperConv,W3_ETTm2_96_42_none,71,S,0.4966781558468938
W3,ETTm2,gate_tod_heatmap,96,42,none,HyperConv,W3_ETTm2_96_42_none,72,S,0.4966781558468938
W3,ETTm2,gate_tod_heatmap,96,42,none,HyperConv,W3_ETTm2_96_42_none,73,S,0.4966781558468938
W3,ETTm2,gate_tod_heatmap,96,42,none,HyperConv,W3_ETTm2_96_42_none,74,S,0.4966781558468938
W3,ETTm2,gate_tod_heatmap,96,42,none,HyperConv,W3_ETTm2_96_42_none,75,S,0.4966781558468938
W3,ETTm2,gate_tod_heatmap,96,42,none,HyperConv,W3_ETTm2_96_42_none,76,S,0.4966781558468938
W3,ETTm2,gate_tod_heatmap,96,42,none,HyperConv,W3_ETTm2_96_42_none,78,S,0.4966781558468938
W3,ETTm2,gate_tod_heatmap,96,42,none,HyperConv,W3_ETTm2_96_42_none,79,S,0.4966781558468938
W3,ETTm2,gate_tod_heatmap,96,42,none,HyperConv,W3_ETTm2_96_42_none,81,S,0.4966781558468938
W3,ETTm2,gate_tod_heatmap,96,42,none,HyperConv,W3_ETTm2_96_42_none,82,S,0.4966781558468938
W3,ETTm2,gate_tod_heatmap,96,42,none,HyperConv,W3_ETTm2_96_42_none,84,S,0.4966781558468938
W3,ETTm2,gate_tod_heatmap,96,42,none,HyperConv,W3_ETTm2_96_42_none,85,S,0.4966781558468938
W3,ETTm2,gate_tod_heatmap,96,42,none,HyperConv,W3_ETTm2_96_42_none,86,S,0.4966781558468938
W3,ETTm2,gate_tod_heatmap,96,42,none,HyperConv,W3_ETTm2_96_42_none,88,S,0.4966781558468938
W3,ETTm2,gate_tod_heatmap,96,42,none,HyperConv,W3_ETTm2_96_42_none,89,S,0.4966781558468938
W3,ETTm2,gate_tod_heatmap,96,42,none,HyperConv,W3_ETTm2_96_42_none,90,S,0.4966781558468938
W3,ETTm2,gate_tod_heatmap,96,42,none,HyperConv,W3_ETTm2_96_42_none,91,S,0.4966781558468938
W3,ETTm2,gate_tod_heatmap,96,42,none,HyperConv,W3_ETTm2_96_42_none,92,S,0.4966781558468938
W3,ETTm2,gate_tod_heatmap,96,42,none,HyperConv,W3_ETTm2_96_42_none,93,S,0.4966781558468938
W3,ETTm2,gate_tod_heatmap,96,42,none,HyperConv,W3_ETTm2_96_42_none,94,S,0.4966781558468938
W3,ETTm2,gate_tod_heatmap,96,42,none,HyperConv,W3_ETTm2_96_42_none,0,M,0.4942172565497458
W3,ETTm2,gate_tod_heatmap,96,42,none,HyperConv,W3_ETTm2_96_42_none,1,M,0.4942172565497458
W3,ETTm2,gate_tod_heatmap,96,42,none,HyperConv,W3_ETTm2_96_42_none,2,M,0.4942172565497458
W3,ETTm2,gate_tod_heatmap,96,42,none,HyperConv,W3_ETTm2_96_42_none,3,M,0.4942172565497458
W3,ETTm2,gate_tod_heatmap,96,42,none,HyperConv,W3_ETTm2_96_42_none,4,M,0.4942172565497458
W3,ETTm2,gate_tod_heatmap,96,42,none,HyperConv,W3_ETTm2_96_42_none,6,M,0.4942172565497458
W3,ETTm2,gate_tod_heatmap,96,42,none,HyperConv,W3_ETTm2_96_42_none,8,M,0.4942172565497458
W3,ETTm2,gate_tod_heatmap,96,42,none,HyperConv,W3_ETTm2_96_42_none,9,M,0.4942172565497458
W3,ETTm2,gate_tod_heatmap,96,42,none,HyperConv,W3_ETTm2_96_42_none,10,M,0.4942172565497458
W3,ETTm2,gate_tod_heatmap,96,42,none,HyperConv,W3_ETTm2_96_42_none,11,M,0.4942172565497458
W3,ETTm2,gate_tod_heatmap,96,42,none,HyperConv,W3_ETTm2_96_42_none,12,M,0.4942172565497458
W3,ETTm2,gate_tod_heatmap,96,42,none,HyperConv,W3_ETTm2_96_42_none,13,M,0.4942172565497458
W3,ETTm2,gate_tod_heatmap,96,42,none,HyperConv,W3_ETTm2_96_42_none,15,M,0.4942172565497458
W3,ETTm2,gate_tod_heatmap,96,42,none,HyperConv,W3_ETTm2_96_42_none,16,M,0.4942172565497458
W3,ETTm2,gate_tod_heatmap,96,42,none,HyperConv,W3_ETTm2_96_42_none,17,M,0.4942172565497458
W3,ETTm2,gate_tod_heatmap,96,42,none,HyperConv,W3_ETTm2_96_42_none,19,M,0.4942172565497458
W3,ETTm2,gate_tod_heatmap,96,42,none,HyperConv,W3_ETTm2_96_42_none,21,M,0.4942172565497458
W3,ETTm2,gate_tod_heatmap,96,42,none,HyperConv,W3_ETTm2_96_42_none,22,M,0.4942172565497458
W3,ETTm2,gate_tod_heatmap,96,42,none,HyperConv,W3_ETTm2_96_42_none,23,M,0.4942172565497458
W3,ETTm2,gate_tod_heatmap,96,42,none,HyperConv,W3_ETTm2_96_42_none,24,M,0.4942172565497458
W3,ETTm2,gate_tod_heatmap,96,42,none,HyperConv,W3_ETTm2_96_42_none,25,M,0.4942172565497458
W3,ETTm2,gate_tod_heatmap,96,42,none,HyperConv,W3_ETTm2_96_42_none,26,M,0.4942172565497458
W3,ETTm2,gate_tod_heatmap,96,42,none,HyperConv,W3_ETTm2_96_42_none,27,M,0.4942172565497458
W3,ETTm2,gate_tod_heatmap,96,42,none,HyperConv,W3_ETTm2_96_42_none,29,M,0.4942172565497458
W3,ETTm2,gate_tod_heatmap,96,42,none,HyperConv,W3_ETTm2_96_42_none,30,M,0.4942172565497458
W3,ETTm2,gate_tod_heatmap,96,42,none,HyperConv,W3_ETTm2_96_42_none,32,M,0.4942172565497458
W3,ETTm2,gate_tod_heatmap,96,42,none,HyperConv,W3_ETTm2_96_42_none,33,M,0.4942172565497458
W3,ETTm2,gate_tod_heatmap,96,42,none,HyperConv,W3_ETTm2_96_42_none,34,M,0.4942172565497458
W3,ETTm2,gate_tod_heatmap,96,42,none,HyperConv,W3_ETTm2_96_42_none,35,M,0.4942172565497458
W3,ETTm2,gate_tod_heatmap,96,42,none,HyperConv,W3_ETTm2_96_42_none,37,M,0.4942172565497458
W3,ETTm2,gate_tod_heatmap,96,42,none,HyperConv,W3_ETTm2_96_42_none,38,M,0.4942172565497458
W3,ETTm2,gate_tod_heatmap,96,42,none,HyperConv,W3_ETTm2_96_42_none,39,M,0.4942172565497458
W3,ETTm2,gate_tod_heatmap,96,42,none,HyperConv,W3_ETTm2_96_42_none,41,M,0.4942172565497458
W3,ETTm2,gate_tod_heatmap,96,42,none,HyperConv,W3_ETTm2_96_42_none,42,M,0.4942172565497458
W3,ETTm2,gate_tod_heatmap,96,42,none,HyperConv,W3_ETTm2_96_42_none,43,M,0.4942172565497458
W3,ETTm2,gate_tod_heatmap,96,42,none,HyperConv,W3_ETTm2_96_42_none,44,M,0.4942172565497458
W3,ETTm2,gate_tod_heatmap,96,42,none,HyperConv,W3_ETTm2_96_42_none,45,M,0.4942172565497458
W3,ETTm2,gate_tod_heatmap,96,42,none,HyperConv,W3_ETTm2_96_42_none,46,M,0.4942172565497458
W3,ETTm2,gate_tod_heatmap,96,42,none,HyperConv,W3_ETTm2_96_42_none,47,M,0.4942172565497458
W3,ETTm2,gate_tod_heatmap,96,42,none,HyperConv,W3_ETTm2_96_42_none,48,M,0.4942172565497458
W3,ETTm2,gate_tod_heatmap,96,42,none,HyperConv,W3_ETTm2_96_42_none,49,M,0.4942172565497458
W3,ETTm2,gate_tod_heatmap,96,42,none,HyperConv,W3_ETTm2_96_42_none,50,M,0.4942172565497458
W3,ETTm2,gate_tod_heatmap,96,42,none,HyperConv,W3_ETTm2_96_42_none,51,M,0.4942172565497458
W3,ETTm2,gate_tod_heatmap,96,42,none,HyperConv,W3_ETTm2_96_42_none,52,M,0.4942172565497458
W3,ETTm2,gate_tod_heatmap,96,42,none,HyperConv,W3_ETTm2_96_42_none,54,M,0.4942172565497458
W3,ETTm2,gate_tod_heatmap,96,42,none,HyperConv,W3_ETTm2_96_42_none,55,M,0.4942172565497458
W3,ETTm2,gate_tod_heatmap,96,42,none,HyperConv,W3_ETTm2_96_42_none,57,M,0.4942172565497458
W3,ETTm2,gate_tod_heatmap,96,42,none,HyperConv,W3_ETTm2_96_42_none,58,M,0.4942172565497458
W3,ETTm2,gate_tod_heatmap,96,42,none,HyperConv,W3_ETTm2_96_42_none,59,M,0.4942172565497458
W3,ETTm2,gate_tod_heatmap,96,42,none,HyperConv,W3_ETTm2_96_42_none,60,M,0.4942172565497458
W3,ETTm2,gate_tod_heatmap,96,42,none,HyperConv,W3_ETTm2_96_42_none,61,M,0.4942172565497458
W3,ETTm2,gate_tod_heatmap,96,42,none,HyperConv,W3_ETTm2_96_42_none,63,M,0.4942172565497458
W3,ETTm2,gate_tod_heatmap,96,42,none,HyperConv,W3_ETTm2_96_42_none,64,M,0.4942172565497458
W3,ETTm2,gate_tod_heatmap,96,42,none,HyperConv,W3_ETTm2_96_42_none,66,M,0.4942172565497458
W3,ETTm2,gate_tod_heatmap,96,42,none,HyperConv,W3_ETTm2_96_42_none,67,M,0.4942172565497458
W3,ETTm2,gate_tod_heatmap,96,42,none,HyperConv,W3_ETTm2_96_42_none,68,M,0.4942172565497458
W3,ETTm2,gate_tod_heatmap,96,42,none,HyperConv,W3_ETTm2_96_42_none,70,M,0.4942172565497458
W3,ETTm2,gate_tod_heatmap,96,42,none,HyperConv,W3_ETTm2_96_42_none,71,M,0.4942172565497458
W3,ETTm2,gate_tod_heatmap,96,42,none,HyperConv,W3_ETTm2_96_42_none,72,M,0.4942172565497458
W3,ETTm2,gate_tod_heatmap,96,42,none,HyperConv,W3_ETTm2_96_42_none,73,M,0.4942172565497458
W3,ETTm2,gate_tod_heatmap,96,42,none,HyperConv,W3_ETTm2_96_42_none,74,M,0.4942172565497458
W3,ETTm2,gate_tod_heatmap,96,42,none,HyperConv,W3_ETTm2_96_42_none,75,M,0.4942172565497458
W3,ETTm2,gate_tod_heatmap,96,42,none,HyperConv,W3_ETTm2_96_42_none,76,M,0.4942172565497458
W3,ETTm2,gate_tod_heatmap,96,42,none,HyperConv,W3_ETTm2_96_42_none,78,M,0.4942172565497458
W3,ETTm2,gate_tod_heatmap,96,42,none,HyperConv,W3_ETTm2_96_42_none,79,M,0.4942172565497458
W3,ETTm2,gate_tod_heatmap,96,42,none,HyperConv,W3_ETTm2_96_42_none,81,M,0.4942172565497458
W3,ETTm2,gate_tod_heatmap,96,42,none,HyperConv,W3_ETTm2_96_42_none,82,M,0.4942172565497458
W3,ETTm2,gate_tod_heatmap,96,42,none,HyperConv,W3_ETTm2_96_42_none,84,M,0.4942172565497458
W3,ETTm2,gate_tod_heatmap,96,42,none,HyperConv,W3_ETTm2_96_42_none,85,M,0.4942172565497458
W3,ETTm2,gate_tod_heatmap,96,42,none,HyperConv,W3_ETTm2_96_42_none,86,M,0.4942172565497458
W3,ETTm2,gate_tod_heatmap,96,42,none,HyperConv,W3_ETTm2_96_42_none,88,M,0.4942172565497458
W3,ETTm2,gate_tod_heatmap,96,42,none,HyperConv,W3_ETTm2_96_42_none,89,M,0.4942172565497458
W3,ETTm2,gate_tod_heatmap,96,42,none,HyperConv,W3_ETTm2_96_42_none,90,M,0.4942172565497458
W3,ETTm2,gate_tod_heatmap,96,42,none,HyperConv,W3_ETTm2_96_42_none,91,M,0.4942172565497458
W3,ETTm2,gate_tod_heatmap,96,42,none,HyperConv,W3_ETTm2_96_42_none,92,M,0.4942172565497458
W3,ETTm2,gate_tod_heatmap,96,42,none,HyperConv,W3_ETTm2_96_42_none,93,M,0.4942172565497458
W3,ETTm2,gate_tod_heatmap,96,42,none,HyperConv,W3_ETTm2_96_42_none,94,M,0.4942172565497458
W3,ETTm2,gate_tod_heatmap,96,42,none,HyperConv,W3_ETTm2_96_42_none,0,D,0.4902943344786763
W3,ETTm2,gate_tod_heatmap,96,42,none,HyperConv,W3_ETTm2_96_42_none,1,D,0.4902943344786763
W3,ETTm2,gate_tod_heatmap,96,42,none,HyperConv,W3_ETTm2_96_42_none,2,D,0.4902943344786763
W3,ETTm2,gate_tod_heatmap,96,42,none,HyperConv,W3_ETTm2_96_42_none,3,D,0.4902943344786763
W3,ETTm2,gate_tod_heatmap,96,42,none,HyperConv,W3_ETTm2_96_42_none,4,D,0.4902943344786763
W3,ETTm2,gate_tod_heatmap,96,42,none,HyperConv,W3_ETTm2_96_42_none,6,D,0.4902943344786763
W3,ETTm2,gate_tod_heatmap,96,42,none,HyperConv,W3_ETTm2_96_42_none,8,D,0.4902943344786763
W3,ETTm2,gate_tod_heatmap,96,42,none,HyperConv,W3_ETTm2_96_42_none,9,D,0.4902943344786763
W3,ETTm2,gate_tod_heatmap,96,42,none,HyperConv,W3_ETTm2_96_42_none,10,D,0.4902943344786763
W3,ETTm2,gate_tod_heatmap,96,42,none,HyperConv,W3_ETTm2_96_42_none,11,D,0.4902943344786763
W3,ETTm2,gate_tod_heatmap,96,42,none,HyperConv,W3_ETTm2_96_42_none,12,D,0.4902943344786763
W3,ETTm2,gate_tod_heatmap,96,42,none,HyperConv,W3_ETTm2_96_42_none,13,D,0.4902943344786763
W3,ETTm2,gate_tod_heatmap,96,42,none,HyperConv,W3_ETTm2_96_42_none,15,D,0.4902943344786763
W3,ETTm2,gate_tod_heatmap,96,42,none,HyperConv,W3_ETTm2_96_42_none,16,D,0.4902943344786763
W3,ETTm2,gate_tod_heatmap,96,42,none,HyperConv,W3_ETTm2_96_42_none,17,D,0.4902943344786763
W3,ETTm2,gate_tod_heatmap,96,42,none,HyperConv,W3_ETTm2_96_42_none,19,D,0.4902943344786763
W3,ETTm2,gate_tod_heatmap,96,42,none,HyperConv,W3_ETTm2_96_42_none,21,D,0.4902943344786763
W3,ETTm2,gate_tod_heatmap,96,42,none,HyperConv,W3_ETTm2_96_42_none,22,D,0.4902943344786763
W3,ETTm2,gate_tod_heatmap,96,42,none,HyperConv,W3_ETTm2_96_42_none,23,D,0.4902943344786763
W3,ETTm2,gate_tod_heatmap,96,42,none,HyperConv,W3_ETTm2_96_42_none,24,D,0.4902943344786763
W3,ETTm2,gate_tod_heatmap,96,42,none,HyperConv,W3_ETTm2_96_42_none,25,D,0.4902943344786763
W3,ETTm2,gate_tod_heatmap,96,42,none,HyperConv,W3_ETTm2_96_42_none,26,D,0.4902943344786763
W3,ETTm2,gate_tod_heatmap,96,42,none,HyperConv,W3_ETTm2_96_42_none,27,D,0.4902943344786763
W3,ETTm2,gate_tod_heatmap,96,42,none,HyperConv,W3_ETTm2_96_42_none,29,D,0.4902943344786763
W3,ETTm2,gate_tod_heatmap,96,42,none,HyperConv,W3_ETTm2_96_42_none,30,D,0.4902943344786763
W3,ETTm2,gate_tod_heatmap,96,42,none,HyperConv,W3_ETTm2_96_42_none,32,D,0.4902943344786763
W3,ETTm2,gate_tod_heatmap,96,42,none,HyperConv,W3_ETTm2_96_42_none,33,D,0.4902943344786763
W3,ETTm2,gate_tod_heatmap,96,42,none,HyperConv,W3_ETTm2_96_42_none,34,D,0.4902943344786763
W3,ETTm2,gate_tod_heatmap,96,42,none,HyperConv,W3_ETTm2_96_42_none,35,D,0.4902943344786763
W3,ETTm2,gate_tod_heatmap,96,42,none,HyperConv,W3_ETTm2_96_42_none,37,D,0.4902943344786763
W3,ETTm2,gate_tod_heatmap,96,42,none,HyperConv,W3_ETTm2_96_42_none,38,D,0.4902943344786763
W3,ETTm2,gate_tod_heatmap,96,42,none,HyperConv,W3_ETTm2_96_42_none,39,D,0.4902943344786763
W3,ETTm2,gate_tod_heatmap,96,42,none,HyperConv,W3_ETTm2_96_42_none,41,D,0.4902943344786763
W3,ETTm2,gate_tod_heatmap,96,42,none,HyperConv,W3_ETTm2_96_42_none,42,D,0.4902943344786763
W3,ETTm2,gate_tod_heatmap,96,42,none,HyperConv,W3_ETTm2_96_42_none,43,D,0.4902943344786763
W3,ETTm2,gate_tod_heatmap,96,42,none,HyperConv,W3_ETTm2_96_42_none,44,D,0.4902943344786763
W3,ETTm2,gate_tod_heatmap,96,42,none,HyperConv,W3_ETTm2_96_42_none,45,D,0.4902943344786763
W3,ETTm2,gate_tod_heatmap,96,42,none,HyperConv,W3_ETTm2_96_42_none,46,D,0.4902943344786763
W3,ETTm2,gate_tod_heatmap,96,42,none,HyperConv,W3_ETTm2_96_42_none,47,D,0.4902943344786763
W3,ETTm2,gate_tod_heatmap,96,42,none,HyperConv,W3_ETTm2_96_42_none,48,D,0.4902943344786763
W3,ETTm2,gate_tod_heatmap,96,42,none,HyperConv,W3_ETTm2_96_42_none,49,D,0.4902943344786763
W3,ETTm2,gate_tod_heatmap,96,42,none,HyperConv,W3_ETTm2_96_42_none,50,D,0.4902943344786763
W3,ETTm2,gate_tod_heatmap,96,42,none,HyperConv,W3_ETTm2_96_42_none,51,D,0.4902943344786763
W3,ETTm2,gate_tod_heatmap,96,42,none,HyperConv,W3_ETTm2_96_42_none,52,D,0.4902943344786763
W3,ETTm2,gate_tod_heatmap,96,42,none,HyperConv,W3_ETTm2_96_42_none,54,D,0.4902943344786763
W3,ETTm2,gate_tod_heatmap,96,42,none,HyperConv,W3_ETTm2_96_42_none,55,D,0.4902943344786763
W3,ETTm2,gate_tod_heatmap,96,42,none,HyperConv,W3_ETTm2_96_42_none,57,D,0.4902943344786763
W3,ETTm2,gate_tod_heatmap,96,42,none,HyperConv,W3_ETTm2_96_42_none,58,D,0.4902943344786763
W3,ETTm2,gate_tod_heatmap,96,42,none,HyperConv,W3_ETTm2_96_42_none,59,D,0.4902943344786763
W3,ETTm2,gate_tod_heatmap,96,42,none,HyperConv,W3_ETTm2_96_42_none,60,D,0.4902943344786763
W3,ETTm2,gate_tod_heatmap,96,42,none,HyperConv,W3_ETTm2_96_42_none,61,D,0.4902943344786763
W3,ETTm2,gate_tod_heatmap,96,42,none,HyperConv,W3_ETTm2_96_42_none,63,D,0.4902943344786763
W3,ETTm2,gate_tod_heatmap,96,42,none,HyperConv,W3_ETTm2_96_42_none,64,D,0.4902943344786763
W3,ETTm2,gate_tod_heatmap,96,42,none,HyperConv,W3_ETTm2_96_42_none,66,D,0.4902943344786763
W3,ETTm2,gate_tod_heatmap,96,42,none,HyperConv,W3_ETTm2_96_42_none,67,D,0.4902943344786763
W3,ETTm2,gate_tod_heatmap,96,42,none,HyperConv,W3_ETTm2_96_42_none,68,D,0.4902943344786763
W3,ETTm2,gate_tod_heatmap,96,42,none,HyperConv,W3_ETTm2_96_42_none,70,D,0.4902943344786763
W3,ETTm2,gate_tod_heatmap,96,42,none,HyperConv,W3_ETTm2_96_42_none,71,D,0.4902943344786763
W3,ETTm2,gate_tod_heatmap,96,42,none,HyperConv,W3_ETTm2_96_42_none,72,D,0.4902943344786763
W3,ETTm2,gate_tod_heatmap,96,42,none,HyperConv,W3_ETTm2_96_42_none,73,D,0.4902943344786763
W3,ETTm2,gate_tod_heatmap,96,42,none,HyperConv,W3_ETTm2_96_42_none,74,D,0.4902943344786763
W3,ETTm2,gate_tod_heatmap,96,42,none,HyperConv,W3_ETTm2_96_42_none,75,D,0.4902943344786763
W3,ETTm2,gate_tod_heatmap,96,42,none,HyperConv,W3_ETTm2_96_42_none,76,D,0.4902943344786763
W3,ETTm2,gate_tod_heatmap,96,42,none,HyperConv,W3_ETTm2_96_42_none,78,D,0.4902943344786763
W3,ETTm2,gate_tod_heatmap,96,42,none,HyperConv,W3_ETTm2_96_42_none,79,D,0.4902943344786763
W3,ETTm2,gate_tod_heatmap,96,42,none,HyperConv,W3_ETTm2_96_42_none,81,D,0.4902943344786763
W3,ETTm2,gate_tod_heatmap,96,42,none,HyperConv,W3_ETTm2_96_42_none,82,D,0.4902943344786763
W3,ETTm2,gate_tod_heatmap,96,42,none,HyperConv,W3_ETTm2_96_42_none,84,D,0.4902943344786763
W3,ETTm2,gate_tod_heatmap,96,42,none,HyperConv,W3_ETTm2_96_42_none,85,D,0.4902943344786763
W3,ETTm2,gate_tod_heatmap,96,42,none,HyperConv,W3_ETTm2_96_42_none,86,D,0.4902943344786763
W3,ETTm2,gate_tod_heatmap,96,42,none,HyperConv,W3_ETTm2_96_42_none,88,D,0.4902943344786763
W3,ETTm2,gate_tod_heatmap,96,42,none,HyperConv,W3_ETTm2_96_42_none,89,D,0.4902943344786763
W3,ETTm2,gate_tod_heatmap,96,42,none,HyperConv,W3_ETTm2_96_42_none,90,D,0.4902943344786763
W3,ETTm2,gate_tod_heatmap,96,42,none,HyperConv,W3_ETTm2_96_42_none,91,D,0.4902943344786763
W3,ETTm2,gate_tod_heatmap,96,42,none,HyperConv,W3_ETTm2_96_42_none,92,D,0.4902943344786763
W3,ETTm2,gate_tod_heatmap,96,42,none,HyperConv,W3_ETTm2_96_42_none,93,D,0.4902943344786763
W3,ETTm2,gate_tod_heatmap,96,42,none,HyperConv,W3_ETTm2_96_42_none,94,D,0.4902943344786763
W3,ETTm2,gate_tod_heatmap,96,42,tod_shift,HyperConv,W3_ETTm2_96_42_tod_shift,0,S,0.4967475798912346
W3,ETTm2,gate_tod_heatmap,96,42,tod_shift,HyperConv,W3_ETTm2_96_42_tod_shift,1,S,0.4967475798912346
W3,ETTm2,gate_tod_heatmap,96,42,tod_shift,HyperConv,W3_ETTm2_96_42_tod_shift,2,S,0.4967475798912346
W3,ETTm2,gate_tod_heatmap,96,42,tod_shift,HyperConv,W3_ETTm2_96_42_tod_shift,3,S,0.4967475798912346
W3,ETTm2,gate_tod_heatmap,96,42,tod_shift,HyperConv,W3_ETTm2_96_42_tod_shift,4,S,0.4967475798912346
W3,ETTm2,gate_tod_heatmap,96,42,tod_shift,HyperConv,W3_ETTm2_96_42_tod_shift,6,S,0.4967475798912346
W3,ETTm2,gate_tod_heatmap,96,42,tod_shift,HyperConv,W3_ETTm2_96_42_tod_shift,8,S,0.4967475798912346
W3,ETTm2,gate_tod_heatmap,96,42,tod_shift,HyperConv,W3_ETTm2_96_42_tod_shift,9,S,0.4967475798912346
W3,ETTm2,gate_tod_heatmap,96,42,tod_shift,HyperConv,W3_ETTm2_96_42_tod_shift,10,S,0.4967475798912346
W3,ETTm2,gate_tod_heatmap,96,42,tod_shift,HyperConv,W3_ETTm2_96_42_tod_shift,11,S,0.4967475798912346
W3,ETTm2,gate_tod_heatmap,96,42,tod_shift,HyperConv,W3_ETTm2_96_42_tod_shift,12,S,0.4967475798912346
W3,ETTm2,gate_tod_heatmap,96,42,tod_shift,HyperConv,W3_ETTm2_96_42_tod_shift,13,S,0.4967475798912346
W3,ETTm2,gate_tod_heatmap,96,42,tod_shift,HyperConv,W3_ETTm2_96_42_tod_shift,15,S,0.4967475798912346
W3,ETTm2,gate_tod_heatmap,96,42,tod_shift,HyperConv,W3_ETTm2_96_42_tod_shift,16,S,0.4967475798912346
W3,ETTm2,gate_tod_heatmap,96,42,tod_shift,HyperConv,W3_ETTm2_96_42_tod_shift,17,S,0.4967475798912346
W3,ETTm2,gate_tod_heatmap,96,42,tod_shift,HyperConv,W3_ETTm2_96_42_tod_shift,19,S,0.4967475798912346
W3,ETTm2,gate_tod_heatmap,96,42,tod_shift,HyperConv,W3_ETTm2_96_42_tod_shift,21,S,0.4967475798912346
W3,ETTm2,gate_tod_heatmap,96,42,tod_shift,HyperConv,W3_ETTm2_96_42_tod_shift,22,S,0.4967475798912346
W3,ETTm2,gate_tod_heatmap,96,42,tod_shift,HyperConv,W3_ETTm2_96_42_tod_shift,23,S,0.4967475798912346
W3,ETTm2,gate_tod_heatmap,96,42,tod_shift,HyperConv,W3_ETTm2_96_42_tod_shift,24,S,0.4967475798912346
W3,ETTm2,gate_tod_heatmap,96,42,tod_shift,HyperConv,W3_ETTm2_96_42_tod_shift,25,S,0.4967475798912346
W3,ETTm2,gate_tod_heatmap,96,42,tod_shift,HyperConv,W3_ETTm2_96_42_tod_shift,26,S,0.4967475798912346
W3,ETTm2,gate_tod_heatmap,96,42,tod_shift,HyperConv,W3_ETTm2_96_42_tod_shift,27,S,0.4967475798912346
W3,ETTm2,gate_tod_heatmap,96,42,tod_shift,HyperConv,W3_ETTm2_96_42_tod_shift,29,S,0.4967475798912346
W3,ETTm2,gate_tod_heatmap,96,42,tod_shift,HyperConv,W3_ETTm2_96_42_tod_shift,30,S,0.4967475798912346
W3,ETTm2,gate_tod_heatmap,96,42,tod_shift,HyperConv,W3_ETTm2_96_42_tod_shift,32,S,0.4967475798912346
W3,ETTm2,gate_tod_heatmap,96,42,tod_shift,HyperConv,W3_ETTm2_96_42_tod_shift,33,S,0.4967475798912346
W3,ETTm2,gate_tod_heatmap,96,42,tod_shift,HyperConv,W3_ETTm2_96_42_tod_shift,34,S,0.4967475798912346
W3,ETTm2,gate_tod_heatmap,96,42,tod_shift,HyperConv,W3_ETTm2_96_42_tod_shift,35,S,0.4967475798912346
W3,ETTm2,gate_tod_heatmap,96,42,tod_shift,HyperConv,W3_ETTm2_96_42_tod_shift,37,S,0.4967475798912346
W3,ETTm2,gate_tod_heatmap,96,42,tod_shift,HyperConv,W3_ETTm2_96_42_tod_shift,38,S,0.4967475798912346
W3,ETTm2,gate_tod_heatmap,96,42,tod_shift,HyperConv,W3_ETTm2_96_42_tod_shift,39,S,0.4967475798912346
W3,ETTm2,gate_tod_heatmap,96,42,tod_shift,HyperConv,W3_ETTm2_96_42_tod_shift,41,S,0.4967475798912346
W3,ETTm2,gate_tod_heatmap,96,42,tod_shift,HyperConv,W3_ETTm2_96_42_tod_shift,42,S,0.4967475798912346
W3,ETTm2,gate_tod_heatmap,96,42,tod_shift,HyperConv,W3_ETTm2_96_42_tod_shift,43,S,0.4967475798912346
W3,ETTm2,gate_tod_heatmap,96,42,tod_shift,HyperConv,W3_ETTm2_96_42_tod_shift,44,S,0.4967475798912346
W3,ETTm2,gate_tod_heatmap,96,42,tod_shift,HyperConv,W3_ETTm2_96_42_tod_shift,45,S,0.4967475798912346
W3,ETTm2,gate_tod_heatmap,96,42,tod_shift,HyperConv,W3_ETTm2_96_42_tod_shift,46,S,0.4967475798912346
W3,ETTm2,gate_tod_heatmap,96,42,tod_shift,HyperConv,W3_ETTm2_96_42_tod_shift,47,S,0.4967475798912346
W3,ETTm2,gate_tod_heatmap,96,42,tod_shift,HyperConv,W3_ETTm2_96_42_tod_shift,48,S,0.4967475798912346
W3,ETTm2,gate_tod_heatmap,96,42,tod_shift,HyperConv,W3_ETTm2_96_42_tod_shift,49,S,0.4967475798912346
W3,ETTm2,gate_tod_heatmap,96,42,tod_shift,HyperConv,W3_ETTm2_96_42_tod_shift,50,S,0.4967475798912346
W3,ETTm2,gate_tod_heatmap,96,42,tod_shift,HyperConv,W3_ETTm2_96_42_tod_shift,51,S,0.4967475798912346
W3,ETTm2,gate_tod_heatmap,96,42,tod_shift,HyperConv,W3_ETTm2_96_42_tod_shift,52,S,0.4967475798912346
W3,ETTm2,gate_tod_heatmap,96,42,tod_shift,HyperConv,W3_ETTm2_96_42_tod_shift,54,S,0.4967475798912346
W3,ETTm2,gate_tod_heatmap,96,42,tod_shift,HyperConv,W3_ETTm2_96_42_tod_shift,55,S,0.4967475798912346
W3,ETTm2,gate_tod_heatmap,96,42,tod_shift,HyperConv,W3_ETTm2_96_42_tod_shift,57,S,0.4967475798912346
W3,ETTm2,gate_tod_heatmap,96,42,tod_shift,HyperConv,W3_ETTm2_96_42_tod_shift,58,S,0.4967475798912346
W3,ETTm2,gate_tod_heatmap,96,42,tod_shift,HyperConv,W3_ETTm2_96_42_tod_shift,59,S,0.4967475798912346
W3,ETTm2,gate_tod_heatmap,96,42,tod_shift,HyperConv,W3_ETTm2_96_42_tod_shift,60,S,0.4967475798912346
W3,ETTm2,gate_tod_heatmap,96,42,tod_shift,HyperConv,W3_ETTm2_96_42_tod_shift,61,S,0.4967475798912346
W3,ETTm2,gate_tod_heatmap,96,42,tod_shift,HyperConv,W3_ETTm2_96_42_tod_shift,63,S,0.4967475798912346
W3,ETTm2,gate_tod_heatmap,96,42,tod_shift,HyperConv,W3_ETTm2_96_42_tod_shift,64,S,0.4967475798912346
W3,ETTm2,gate_tod_heatmap,96,42,tod_shift,HyperConv,W3_ETTm2_96_42_tod_shift,66,S,0.4967475798912346
W3,ETTm2,gate_tod_heatmap,96,42,tod_shift,HyperConv,W3_ETTm2_96_42_tod_shift,67,S,0.4967475798912346
W3,ETTm2,gate_tod_heatmap,96,42,tod_shift,HyperConv,W3_ETTm2_96_42_tod_shift,68,S,0.4967475798912346
W3,ETTm2,gate_tod_heatmap,96,42,tod_shift,HyperConv,W3_ETTm2_96_42_tod_shift,70,S,0.4967475798912346
W3,ETTm2,gate_tod_heatmap,96,42,tod_shift,HyperConv,W3_ETTm2_96_42_tod_shift,71,S,0.4967475798912346
W3,ETTm2,gate_tod_heatmap,96,42,tod_shift,HyperConv,W3_ETTm2_96_42_tod_shift,72,S,0.4967475798912346
W3,ETTm2,gate_tod_heatmap,96,42,tod_shift,HyperConv,W3_ETTm2_96_42_tod_shift,73,S,0.4967475798912346
W3,ETTm2,gate_tod_heatmap,96,42,tod_shift,HyperConv,W3_ETTm2_96_42_tod_shift,74,S,0.4967475798912346
W3,ETTm2,gate_tod_heatmap,96,42,tod_shift,HyperConv,W3_ETTm2_96_42_tod_shift,75,S,0.4967475798912346
W3,ETTm2,gate_tod_heatmap,96,42,tod_shift,HyperConv,W3_ETTm2_96_42_tod_shift,76,S,0.4967475798912346
W3,ETTm2,gate_tod_heatmap,96,42,tod_shift,HyperConv,W3_ETTm2_96_42_tod_shift,78,S,0.4967475798912346
W3,ETTm2,gate_tod_heatmap,96,42,tod_shift,HyperConv,W3_ETTm2_96_42_tod_shift,79,S,0.4967475798912346
W3,ETTm2,gate_tod_heatmap,96,42,tod_shift,HyperConv,W3_ETTm2_96_42_tod_shift,81,S,0.4967475798912346
W3,ETTm2,gate_tod_heatmap,96,42,tod_shift,HyperConv,W3_ETTm2_96_42_tod_shift,82,S,0.4967475798912346
W3,ETTm2,gate_tod_heatmap,96,42,tod_shift,HyperConv,W3_ETTm2_96_42_tod_shift,84,S,0.4967475798912346
W3,ETTm2,gate_tod_heatmap,96,42,tod_shift,HyperConv,W3_ETTm2_96_42_tod_shift,85,S,0.4967475798912346
W3,ETTm2,gate_tod_heatmap,96,42,tod_shift,HyperConv,W3_ETTm2_96_42_tod_shift,86,S,0.4967475798912346
W3,ETTm2,gate_tod_heatmap,96,42,tod_shift,HyperConv,W3_ETTm2_96_42_tod_shift,88,S,0.4967475798912346
W3,ETTm2,gate_tod_heatmap,96,42,tod_shift,HyperConv,W3_ETTm2_96_42_tod_shift,89,S,0.4967475798912346
W3,ETTm2,gate_tod_heatmap,96,42,tod_shift,HyperConv,W3_ETTm2_96_42_tod_shift,90,S,0.4967475798912346
W3,ETTm2,gate_tod_heatmap,96,42,tod_shift,HyperConv,W3_ETTm2_96_42_tod_shift,91,S,0.4967475798912346
W3,ETTm2,gate_tod_heatmap,96,42,tod_shift,HyperConv,W3_ETTm2_96_42_tod_shift,92,S,0.4967475798912346
W3,ETTm2,gate_tod_heatmap,96,42,tod_shift,HyperConv,W3_ETTm2_96_42_tod_shift,93,S,0.4967475798912346
W3,ETTm2,gate_tod_heatmap,96,42,tod_shift,HyperConv,W3_ETTm2_96_42_tod_shift,94,S,0.4967475798912346
W3,ETTm2,gate_tod_heatmap,96,42,tod_shift,HyperConv,W3_ETTm2_96_42_tod_shift,0,M,0.4942895816639066
W3,ETTm2,gate_tod_heatmap,96,42,tod_shift,HyperConv,W3_ETTm2_96_42_tod_shift,1,M,0.4942895816639066
W3,ETTm2,gate_tod_heatmap,96,42,tod_shift,HyperConv,W3_ETTm2_96_42_tod_shift,2,M,0.4942895816639066
W3,ETTm2,gate_tod_heatmap,96,42,tod_shift,HyperConv,W3_ETTm2_96_42_tod_shift,3,M,0.4942895816639066
W3,ETTm2,gate_tod_heatmap,96,42,tod_shift,HyperConv,W3_ETTm2_96_42_tod_shift,4,M,0.4942895816639066
W3,ETTm2,gate_tod_heatmap,96,42,tod_shift,HyperConv,W3_ETTm2_96_42_tod_shift,6,M,0.4942895816639066
W3,ETTm2,gate_tod_heatmap,96,42,tod_shift,HyperConv,W3_ETTm2_96_42_tod_shift,8,M,0.4942895816639066
W3,ETTm2,gate_tod_heatmap,96,42,tod_shift,HyperConv,W3_ETTm2_96_42_tod_shift,9,M,0.4942895816639066
W3,ETTm2,gate_tod_heatmap,96,42,tod_shift,HyperConv,W3_ETTm2_96_42_tod_shift,10,M,0.4942895816639066
W3,ETTm2,gate_tod_heatmap,96,42,tod_shift,HyperConv,W3_ETTm2_96_42_tod_shift,11,M,0.4942895816639066
W3,ETTm2,gate_tod_heatmap,96,42,tod_shift,HyperConv,W3_ETTm2_96_42_tod_shift,12,M,0.4942895816639066
W3,ETTm2,gate_tod_heatmap,96,42,tod_shift,HyperConv,W3_ETTm2_96_42_tod_shift,13,M,0.4942895816639066
W3,ETTm2,gate_tod_heatmap,96,42,tod_shift,HyperConv,W3_ETTm2_96_42_tod_shift,15,M,0.4942895816639066
W3,ETTm2,gate_tod_heatmap,96,42,tod_shift,HyperConv,W3_ETTm2_96_42_tod_shift,16,M,0.4942895816639066
W3,ETTm2,gate_tod_heatmap,96,42,tod_shift,HyperConv,W3_ETTm2_96_42_tod_shift,17,M,0.4942895816639066
W3,ETTm2,gate_tod_heatmap,96,42,tod_shift,HyperConv,W3_ETTm2_96_42_tod_shift,19,M,0.4942895816639066
W3,ETTm2,gate_tod_heatmap,96,42,tod_shift,HyperConv,W3_ETTm2_96_42_tod_shift,21,M,0.4942895816639066
W3,ETTm2,gate_tod_heatmap,96,42,tod_shift,HyperConv,W3_ETTm2_96_42_tod_shift,22,M,0.4942895816639066
W3,ETTm2,gate_tod_heatmap,96,42,tod_shift,HyperConv,W3_ETTm2_96_42_tod_shift,23,M,0.4942895816639066
W3,ETTm2,gate_tod_heatmap,96,42,tod_shift,HyperConv,W3_ETTm2_96_42_tod_shift,24,M,0.4942895816639066
W3,ETTm2,gate_tod_heatmap,96,42,tod_shift,HyperConv,W3_ETTm2_96_42_tod_shift,25,M,0.4942895816639066
W3,ETTm2,gate_tod_heatmap,96,42,tod_shift,HyperConv,W3_ETTm2_96_42_tod_shift,26,M,0.4942895816639066
W3,ETTm2,gate_tod_heatmap,96,42,tod_shift,HyperConv,W3_ETTm2_96_42_tod_shift,27,M,0.4942895816639066
W3,ETTm2,gate_tod_heatmap,96,42,tod_shift,HyperConv,W3_ETTm2_96_42_tod_shift,29,M,0.4942895816639066
W3,ETTm2,gate_tod_heatmap,96,42,tod_shift,HyperConv,W3_ETTm2_96_42_tod_shift,30,M,0.4942895816639066
W3,ETTm2,gate_tod_heatmap,96,42,tod_shift,HyperConv,W3_ETTm2_96_42_tod_shift,32,M,0.4942895816639066
W3,ETTm2,gate_tod_heatmap,96,42,tod_shift,HyperConv,W3_ETTm2_96_42_tod_shift,33,M,0.4942895816639066
W3,ETTm2,gate_tod_heatmap,96,42,tod_shift,HyperConv,W3_ETTm2_96_42_tod_shift,34,M,0.4942895816639066
W3,ETTm2,gate_tod_heatmap,96,42,tod_shift,HyperConv,W3_ETTm2_96_42_tod_shift,35,M,0.4942895816639066
W3,ETTm2,gate_tod_heatmap,96,42,tod_shift,HyperConv,W3_ETTm2_96_42_tod_shift,37,M,0.4942895816639066
W3,ETTm2,gate_tod_heatmap,96,42,tod_shift,HyperConv,W3_ETTm2_96_42_tod_shift,38,M,0.4942895816639066
W3,ETTm2,gate_tod_heatmap,96,42,tod_shift,HyperConv,W3_ETTm2_96_42_tod_shift,39,M,0.4942895816639066
W3,ETTm2,gate_tod_heatmap,96,42,tod_shift,HyperConv,W3_ETTm2_96_42_tod_shift,41,M,0.4942895816639066
W3,ETTm2,gate_tod_heatmap,96,42,tod_shift,HyperConv,W3_ETTm2_96_42_tod_shift,42,M,0.4942895816639066
W3,ETTm2,gate_tod_heatmap,96,42,tod_shift,HyperConv,W3_ETTm2_96_42_tod_shift,43,M,0.4942895816639066
W3,ETTm2,gate_tod_heatmap,96,42,tod_shift,HyperConv,W3_ETTm2_96_42_tod_shift,44,M,0.4942895816639066
W3,ETTm2,gate_tod_heatmap,96,42,tod_shift,HyperConv,W3_ETTm2_96_42_tod_shift,45,M,0.4942895816639066
W3,ETTm2,gate_tod_heatmap,96,42,tod_shift,HyperConv,W3_ETTm2_96_42_tod_shift,46,M,0.4942895816639066
W3,ETTm2,gate_tod_heatmap,96,42,tod_shift,HyperConv,W3_ETTm2_96_42_tod_shift,47,M,0.4942895816639066
W3,ETTm2,gate_tod_heatmap,96,42,tod_shift,HyperConv,W3_ETTm2_96_42_tod_shift,48,M,0.4942895816639066
W3,ETTm2,gate_tod_heatmap,96,42,tod_shift,HyperConv,W3_ETTm2_96_42_tod_shift,49,M,0.4942895816639066
W3,ETTm2,gate_tod_heatmap,96,42,tod_shift,HyperConv,W3_ETTm2_96_42_tod_shift,50,M,0.4942895816639066
W3,ETTm2,gate_tod_heatmap,96,42,tod_shift,HyperConv,W3_ETTm2_96_42_tod_shift,51,M,0.4942895816639066
W3,ETTm2,gate_tod_heatmap,96,42,tod_shift,HyperConv,W3_ETTm2_96_42_tod_shift,52,M,0.4942895816639066
W3,ETTm2,gate_tod_heatmap,96,42,tod_shift,HyperConv,W3_ETTm2_96_42_tod_shift,54,M,0.4942895816639066
W3,ETTm2,gate_tod_heatmap,96,42,tod_shift,HyperConv,W3_ETTm2_96_42_tod_shift,55,M,0.4942895816639066
W3,ETTm2,gate_tod_heatmap,96,42,tod_shift,HyperConv,W3_ETTm2_96_42_tod_shift,57,M,0.4942895816639066
W3,ETTm2,gate_tod_heatmap,96,42,tod_shift,HyperConv,W3_ETTm2_96_42_tod_shift,58,M,0.4942895816639066
W3,ETTm2,gate_tod_heatmap,96,42,tod_shift,HyperConv,W3_ETTm2_96_42_tod_shift,59,M,0.4942895816639066
W3,ETTm2,gate_tod_heatmap,96,42,tod_shift,HyperConv,W3_ETTm2_96_42_tod_shift,60,M,0.4942895816639066
W3,ETTm2,gate_tod_heatmap,96,42,tod_shift,HyperConv,W3_ETTm2_96_42_tod_shift,61,M,0.4942895816639066
W3,ETTm2,gate_tod_heatmap,96,42,tod_shift,HyperConv,W3_ETTm2_96_42_tod_shift,63,M,0.4942895816639066
W3,ETTm2,gate_tod_heatmap,96,42,tod_shift,HyperConv,W3_ETTm2_96_42_tod_shift,64,M,0.4942895816639066
W3,ETTm2,gate_tod_heatmap,96,42,tod_shift,HyperConv,W3_ETTm2_96_42_tod_shift,66,M,0.4942895816639066
W3,ETTm2,gate_tod_heatmap,96,42,tod_shift,HyperConv,W3_ETTm2_96_42_tod_shift,67,M,0.4942895816639066
W3,ETTm2,gate_tod_heatmap,96,42,tod_shift,HyperConv,W3_ETTm2_96_42_tod_shift,68,M,0.4942895816639066
W3,ETTm2,gate_tod_heatmap,96,42,tod_shift,HyperConv,W3_ETTm2_96_42_tod_shift,70,M,0.4942895816639066
W3,ETTm2,gate_tod_heatmap,96,42,tod_shift,HyperConv,W3_ETTm2_96_42_tod_shift,71,M,0.4942895816639066
W3,ETTm2,gate_tod_heatmap,96,42,tod_shift,HyperConv,W3_ETTm2_96_42_tod_shift,72,M,0.4942895816639066
W3,ETTm2,gate_tod_heatmap,96,42,tod_shift,HyperConv,W3_ETTm2_96_42_tod_shift,73,M,0.4942895816639066
W3,ETTm2,gate_tod_heatmap,96,42,tod_shift,HyperConv,W3_ETTm2_96_42_tod_shift,74,M,0.4942895816639066
W3,ETTm2,gate_tod_heatmap,96,42,tod_shift,HyperConv,W3_ETTm2_96_42_tod_shift,75,M,0.4942895816639066
W3,ETTm2,gate_tod_heatmap,96,42,tod_shift,HyperConv,W3_ETTm2_96_42_tod_shift,76,M,0.4942895816639066
W3,ETTm2,gate_tod_heatmap,96,42,tod_shift,HyperConv,W3_ETTm2_96_42_tod_shift,78,M,0.4942895816639066
W3,ETTm2,gate_tod_heatmap,96,42,tod_shift,HyperConv,W3_ETTm2_96_42_tod_shift,79,M,0.4942895816639066
W3,ETTm2,gate_tod_heatmap,96,42,tod_shift,HyperConv,W3_ETTm2_96_42_tod_shift,81,M,0.4942895816639066
W3,ETTm2,gate_tod_heatmap,96,42,tod_shift,HyperConv,W3_ETTm2_96_42_tod_shift,82,M,0.4942895816639066
W3,ETTm2,gate_tod_heatmap,96,42,tod_shift,HyperConv,W3_ETTm2_96_42_tod_shift,84,M,0.4942895816639066
W3,ETTm2,gate_tod_heatmap,96,42,tod_shift,HyperConv,W3_ETTm2_96_42_tod_shift,85,M,0.4942895816639066
W3,ETTm2,gate_tod_heatmap,96,42,tod_shift,HyperConv,W3_ETTm2_96_42_tod_shift,86,M,0.4942895816639066
W3,ETTm2,gate_tod_heatmap,96,42,tod_shift,HyperConv,W3_ETTm2_96_42_tod_shift,88,M,0.4942895816639066
W3,ETTm2,gate_tod_heatmap,96,42,tod_shift,HyperConv,W3_ETTm2_96_42_tod_shift,89,M,0.4942895816639066
W3,ETTm2,gate_tod_heatmap,96,42,tod_shift,HyperConv,W3_ETTm2_96_42_tod_shift,90,M,0.4942895816639066
W3,ETTm2,gate_tod_heatmap,96,42,tod_shift,HyperConv,W3_ETTm2_96_42_tod_shift,91,M,0.4942895816639066
W3,ETTm2,gate_tod_heatmap,96,42,tod_shift,HyperConv,W3_ETTm2_96_42_tod_shift,92,M,0.4942895816639066
W3,ETTm2,gate_tod_heatmap,96,42,tod_shift,HyperConv,W3_ETTm2_96_42_tod_shift,93,M,0.4942895816639066
W3,ETTm2,gate_tod_heatmap,96,42,tod_shift,HyperConv,W3_ETTm2_96_42_tod_shift,94,M,0.4942895816639066
W3,ETTm2,gate_tod_heatmap,96,42,tod_shift,HyperConv,W3_ETTm2_96_42_tod_shift,0,D,0.4903001589700579
W3,ETTm2,gate_tod_heatmap,96,42,tod_shift,HyperConv,W3_ETTm2_96_42_tod_shift,1,D,0.4903001589700579
W3,ETTm2,gate_tod_heatmap,96,42,tod_shift,HyperConv,W3_ETTm2_96_42_tod_shift,2,D,0.4903001589700579
W3,ETTm2,gate_tod_heatmap,96,42,tod_shift,HyperConv,W3_ETTm2_96_42_tod_shift,3,D,0.4903001589700579
W3,ETTm2,gate_tod_heatmap,96,42,tod_shift,HyperConv,W3_ETTm2_96_42_tod_shift,4,D,0.4903001589700579
W3,ETTm2,gate_tod_heatmap,96,42,tod_shift,HyperConv,W3_ETTm2_96_42_tod_shift,6,D,0.4903001589700579
W3,ETTm2,gate_tod_heatmap,96,42,tod_shift,HyperConv,W3_ETTm2_96_42_tod_shift,8,D,0.4903001589700579
W3,ETTm2,gate_tod_heatmap,96,42,tod_shift,HyperConv,W3_ETTm2_96_42_tod_shift,9,D,0.4903001589700579
W3,ETTm2,gate_tod_heatmap,96,42,tod_shift,HyperConv,W3_ETTm2_96_42_tod_shift,10,D,0.4903001589700579
W3,ETTm2,gate_tod_heatmap,96,42,tod_shift,HyperConv,W3_ETTm2_96_42_tod_shift,11,D,0.4903001589700579
W3,ETTm2,gate_tod_heatmap,96,42,tod_shift,HyperConv,W3_ETTm2_96_42_tod_shift,12,D,0.4903001589700579
W3,ETTm2,gate_tod_heatmap,96,42,tod_shift,HyperConv,W3_ETTm2_96_42_tod_shift,13,D,0.4903001589700579
W3,ETTm2,gate_tod_heatmap,96,42,tod_shift,HyperConv,W3_ETTm2_96_42_tod_shift,15,D,0.4903001589700579
W3,ETTm2,gate_tod_heatmap,96,42,tod_shift,HyperConv,W3_ETTm2_96_42_tod_shift,16,D,0.4903001589700579
W3,ETTm2,gate_tod_heatmap,96,42,tod_shift,HyperConv,W3_ETTm2_96_42_tod_shift,17,D,0.4903001589700579
W3,ETTm2,gate_tod_heatmap,96,42,tod_shift,HyperConv,W3_ETTm2_96_42_tod_shift,19,D,0.4903001589700579
W3,ETTm2,gate_tod_heatmap,96,42,tod_shift,HyperConv,W3_ETTm2_96_42_tod_shift,21,D,0.4903001589700579
W3,ETTm2,gate_tod_heatmap,96,42,tod_shift,HyperConv,W3_ETTm2_96_42_tod_shift,22,D,0.4903001589700579
W3,ETTm2,gate_tod_heatmap,96,42,tod_shift,HyperConv,W3_ETTm2_96_42_tod_shift,23,D,0.4903001589700579
W3,ETTm2,gate_tod_heatmap,96,42,tod_shift,HyperConv,W3_ETTm2_96_42_tod_shift,24,D,0.4903001589700579
W3,ETTm2,gate_tod_heatmap,96,42,tod_shift,HyperConv,W3_ETTm2_96_42_tod_shift,25,D,0.4903001589700579
W3,ETTm2,gate_tod_heatmap,96,42,tod_shift,HyperConv,W3_ETTm2_96_42_tod_shift,26,D,0.4903001589700579
W3,ETTm2,gate_tod_heatmap,96,42,tod_shift,HyperConv,W3_ETTm2_96_42_tod_shift,27,D,0.4903001589700579
W3,ETTm2,gate_tod_heatmap,96,42,tod_shift,HyperConv,W3_ETTm2_96_42_tod_shift,29,D,0.4903001589700579
W3,ETTm2,gate_tod_heatmap,96,42,tod_shift,HyperConv,W3_ETTm2_96_42_tod_shift,30,D,0.4903001589700579
W3,ETTm2,gate_tod_heatmap,96,42,tod_shift,HyperConv,W3_ETTm2_96_42_tod_shift,32,D,0.4903001589700579
W3,ETTm2,gate_tod_heatmap,96,42,tod_shift,HyperConv,W3_ETTm2_96_42_tod_shift,33,D,0.4903001589700579
W3,ETTm2,gate_tod_heatmap,96,42,tod_shift,HyperConv,W3_ETTm2_96_42_tod_shift,34,D,0.4903001589700579
W3,ETTm2,gate_tod_heatmap,96,42,tod_shift,HyperConv,W3_ETTm2_96_42_tod_shift,35,D,0.4903001589700579
W3,ETTm2,gate_tod_heatmap,96,42,tod_shift,HyperConv,W3_ETTm2_96_42_tod_shift,37,D,0.4903001589700579
W3,ETTm2,gate_tod_heatmap,96,42,tod_shift,HyperConv,W3_ETTm2_96_42_tod_shift,38,D,0.4903001589700579
W3,ETTm2,gate_tod_heatmap,96,42,tod_shift,HyperConv,W3_ETTm2_96_42_tod_shift,39,D,0.4903001589700579
W3,ETTm2,gate_tod_heatmap,96,42,tod_shift,HyperConv,W3_ETTm2_96_42_tod_shift,41,D,0.4903001589700579
W3,ETTm2,gate_tod_heatmap,96,42,tod_shift,HyperConv,W3_ETTm2_96_42_tod_shift,42,D,0.4903001589700579
W3,ETTm2,gate_tod_heatmap,96,42,tod_shift,HyperConv,W3_ETTm2_96_42_tod_shift,43,D,0.4903001589700579
W3,ETTm2,gate_tod_heatmap,96,42,tod_shift,HyperConv,W3_ETTm2_96_42_tod_shift,44,D,0.4903001589700579
W3,ETTm2,gate_tod_heatmap,96,42,tod_shift,HyperConv,W3_ETTm2_96_42_tod_shift,45,D,0.4903001589700579
W3,ETTm2,gate_tod_heatmap,96,42,tod_shift,HyperConv,W3_ETTm2_96_42_tod_shift,46,D,0.4903001589700579
W3,ETTm2,gate_tod_heatmap,96,42,tod_shift,HyperConv,W3_ETTm2_96_42_tod_shift,47,D,0.4903001589700579
W3,ETTm2,gate_tod_heatmap,96,42,tod_shift,HyperConv,W3_ETTm2_96_42_tod_shift,48,D,0.4903001589700579
W3,ETTm2,gate_tod_heatmap,96,42,tod_shift,HyperConv,W3_ETTm2_96_42_tod_shift,49,D,0.4903001589700579
W3,ETTm2,gate_tod_heatmap,96,42,tod_shift,HyperConv,W3_ETTm2_96_42_tod_shift,50,D,0.4903001589700579
W3,ETTm2,gate_tod_heatmap,96,42,tod_shift,HyperConv,W3_ETTm2_96_42_tod_shift,51,D,0.4903001589700579
W3,ETTm2,gate_tod_heatmap,96,42,tod_shift,HyperConv,W3_ETTm2_96_42_tod_shift,52,D,0.4903001589700579
W3,ETTm2,gate_tod_heatmap,96,42,tod_shift,HyperConv,W3_ETTm2_96_42_tod_shift,54,D,0.4903001589700579
W3,ETTm2,gate_tod_heatmap,96,42,tod_shift,HyperConv,W3_ETTm2_96_42_tod_shift,55,D,0.4903001589700579
W3,ETTm2,gate_tod_heatmap,96,42,tod_shift,HyperConv,W3_ETTm2_96_42_tod_shift,57,D,0.4903001589700579
W3,ETTm2,gate_tod_heatmap,96,42,tod_shift,HyperConv,W3_ETTm2_96_42_tod_shift,58,D,0.4903001589700579
W3,ETTm2,gate_tod_heatmap,96,42,tod_shift,HyperConv,W3_ETTm2_96_42_tod_shift,59,D,0.4903001589700579
W3,ETTm2,gate_tod_heatmap,96,42,tod_shift,HyperConv,W3_ETTm2_96_42_tod_shift,60,D,0.4903001589700579
W3,ETTm2,gate_tod_heatmap,96,42,tod_shift,HyperConv,W3_ETTm2_96_42_tod_shift,61,D,0.4903001589700579
W3,ETTm2,gate_tod_heatmap,96,42,tod_shift,HyperConv,W3_ETTm2_96_42_tod_shift,63,D,0.4903001589700579
W3,ETTm2,gate_tod_heatmap,96,42,tod_shift,HyperConv,W3_ETTm2_96_42_tod_shift,64,D,0.4903001589700579
W3,ETTm2,gate_tod_heatmap,96,42,tod_shift,HyperConv,W3_ETTm2_96_42_tod_shift,66,D,0.4903001589700579
W3,ETTm2,gate_tod_heatmap,96,42,tod_shift,HyperConv,W3_ETTm2_96_42_tod_shift,67,D,0.4903001589700579
W3,ETTm2,gate_tod_heatmap,96,42,tod_shift,HyperConv,W3_ETTm2_96_42_tod_shift,68,D,0.4903001589700579
W3,ETTm2,gate_tod_heatmap,96,42,tod_shift,HyperConv,W3_ETTm2_96_42_tod_shift,70,D,0.4903001589700579
W3,ETTm2,gate_tod_heatmap,96,42,tod_shift,HyperConv,W3_ETTm2_96_42_tod_shift,71,D,0.4903001589700579
W3,ETTm2,gate_tod_heatmap,96,42,tod_shift,HyperConv,W3_ETTm2_96_42_tod_shift,72,D,0.4903001589700579
W3,ETTm2,gate_tod_heatmap,96,42,tod_shift,HyperConv,W3_ETTm2_96_42_tod_shift,73,D,0.4903001589700579
W3,ETTm2,gate_tod_heatmap,96,42,tod_shift,HyperConv,W3_ETTm2_96_42_tod_shift,74,D,0.4903001589700579
W3,ETTm2,gate_tod_heatmap,96,42,tod_shift,HyperConv,W3_ETTm2_96_42_tod_shift,75,D,0.4903001589700579
W3,ETTm2,gate_tod_heatmap,96,42,tod_shift,HyperConv,W3_ETTm2_96_42_tod_shift,76,D,0.4903001589700579
W3,ETTm2,gate_tod_heatmap,96,42,tod_shift,HyperConv,W3_ETTm2_96_42_tod_shift,78,D,0.4903001589700579
W3,ETTm2,gate_tod_heatmap,96,42,tod_shift,HyperConv,W3_ETTm2_96_42_tod_shift,79,D,0.4903001589700579
W3,ETTm2,gate_tod_heatmap,96,42,tod_shift,HyperConv,W3_ETTm2_96_42_tod_shift,81,D,0.4903001589700579
W3,ETTm2,gate_tod_heatmap,96,42,tod_shift,HyperConv,W3_ETTm2_96_42_tod_shift,82,D,0.4903001589700579
W3,ETTm2,gate_tod_heatmap,96,42,tod_shift,HyperConv,W3_ETTm2_96_42_tod_shift,84,D,0.4903001589700579
W3,ETTm2,gate_tod_heatmap,96,42,tod_shift,HyperConv,W3_ETTm2_96_42_tod_shift,85,D,0.4903001589700579
W3,ETTm2,gate_tod_heatmap,96,42,tod_shift,HyperConv,W3_ETTm2_96_42_tod_shift,86,D,0.4903001589700579
W3,ETTm2,gate_tod_heatmap,96,42,tod_shift,HyperConv,W3_ETTm2_96_42_tod_shift,88,D,0.4903001589700579
W3,ETTm2,gate_tod_heatmap,96,42,tod_shift,HyperConv,W3_ETTm2_96_42_tod_shift,89,D,0.4903001589700579
W3,ETTm2,gate_tod_heatmap,96,42,tod_shift,HyperConv,W3_ETTm2_96_42_tod_shift,90,D,0.4903001589700579
W3,ETTm2,gate_tod_heatmap,96,42,tod_shift,HyperConv,W3_ETTm2_96_42_tod_shift,91,D,0.4903001589700579
W3,ETTm2,gate_tod_heatmap,96,42,tod_shift,HyperConv,W3_ETTm2_96_42_tod_shift,92,D,0.4903001589700579
W3,ETTm2,gate_tod_heatmap,96,42,tod_shift,HyperConv,W3_ETTm2_96_42_tod_shift,93,D,0.4903001589700579
W3,ETTm2,gate_tod_heatmap,96,42,tod_shift,HyperConv,W3_ETTm2_96_42_tod_shift,94,D,0.4903001589700579
W3,ETTm2,gate_tod_heatmap,96,42,smooth,HyperConv,W3_ETTm2_96_42_smooth,0,S,0.49667151691392064
W3,ETTm2,gate_tod_heatmap,96,42,smooth,HyperConv,W3_ETTm2_96_42_smooth,1,S,0.49667151691392064
W3,ETTm2,gate_tod_heatmap,96,42,smooth,HyperConv,W3_ETTm2_96_42_smooth,2,S,0.49667151691392064
W3,ETTm2,gate_tod_heatmap,96,42,smooth,HyperConv,W3_ETTm2_96_42_smooth,3,S,0.49667151691392064
W3,ETTm2,gate_tod_heatmap,96,42,smooth,HyperConv,W3_ETTm2_96_42_smooth,4,S,0.49667151691392064
W3,ETTm2,gate_tod_heatmap,96,42,smooth,HyperConv,W3_ETTm2_96_42_smooth,6,S,0.49667151691392064
W3,ETTm2,gate_tod_heatmap,96,42,smooth,HyperConv,W3_ETTm2_96_42_smooth,8,S,0.49667151691392064
W3,ETTm2,gate_tod_heatmap,96,42,smooth,HyperConv,W3_ETTm2_96_42_smooth,9,S,0.49667151691392064
W3,ETTm2,gate_tod_heatmap,96,42,smooth,HyperConv,W3_ETTm2_96_42_smooth,10,S,0.49667151691392064
W3,ETTm2,gate_tod_heatmap,96,42,smooth,HyperConv,W3_ETTm2_96_42_smooth,11,S,0.49667151691392064
W3,ETTm2,gate_tod_heatmap,96,42,smooth,HyperConv,W3_ETTm2_96_42_smooth,12,S,0.49667151691392064
W3,ETTm2,gate_tod_heatmap,96,42,smooth,HyperConv,W3_ETTm2_96_42_smooth,13,S,0.49667151691392064
W3,ETTm2,gate_tod_heatmap,96,42,smooth,HyperConv,W3_ETTm2_96_42_smooth,15,S,0.49667151691392064
W3,ETTm2,gate_tod_heatmap,96,42,smooth,HyperConv,W3_ETTm2_96_42_smooth,16,S,0.49667151691392064
W3,ETTm2,gate_tod_heatmap,96,42,smooth,HyperConv,W3_ETTm2_96_42_smooth,17,S,0.49667151691392064
W3,ETTm2,gate_tod_heatmap,96,42,smooth,HyperConv,W3_ETTm2_96_42_smooth,19,S,0.49667151691392064
W3,ETTm2,gate_tod_heatmap,96,42,smooth,HyperConv,W3_ETTm2_96_42_smooth,21,S,0.49667151691392064
W3,ETTm2,gate_tod_heatmap,96,42,smooth,HyperConv,W3_ETTm2_96_42_smooth,22,S,0.49667151691392064
W3,ETTm2,gate_tod_heatmap,96,42,smooth,HyperConv,W3_ETTm2_96_42_smooth,23,S,0.49667151691392064
W3,ETTm2,gate_tod_heatmap,96,42,smooth,HyperConv,W3_ETTm2_96_42_smooth,24,S,0.49667151691392064
W3,ETTm2,gate_tod_heatmap,96,42,smooth,HyperConv,W3_ETTm2_96_42_smooth,25,S,0.49667151691392064
W3,ETTm2,gate_tod_heatmap,96,42,smooth,HyperConv,W3_ETTm2_96_42_smooth,26,S,0.49667151691392064
W3,ETTm2,gate_tod_heatmap,96,42,smooth,HyperConv,W3_ETTm2_96_42_smooth,27,S,0.49667151691392064
W3,ETTm2,gate_tod_heatmap,96,42,smooth,HyperConv,W3_ETTm2_96_42_smooth,29,S,0.49667151691392064
W3,ETTm2,gate_tod_heatmap,96,42,smooth,HyperConv,W3_ETTm2_96_42_smooth,30,S,0.49667151691392064
W3,ETTm2,gate_tod_heatmap,96,42,smooth,HyperConv,W3_ETTm2_96_42_smooth,32,S,0.49667151691392064
W3,ETTm2,gate_tod_heatmap,96,42,smooth,HyperConv,W3_ETTm2_96_42_smooth,33,S,0.49667151691392064
W3,ETTm2,gate_tod_heatmap,96,42,smooth,HyperConv,W3_ETTm2_96_42_smooth,34,S,0.49667151691392064
W3,ETTm2,gate_tod_heatmap,96,42,smooth,HyperConv,W3_ETTm2_96_42_smooth,35,S,0.49667151691392064
W3,ETTm2,gate_tod_heatmap,96,42,smooth,HyperConv,W3_ETTm2_96_42_smooth,37,S,0.49667151691392064
W3,ETTm2,gate_tod_heatmap,96,42,smooth,HyperConv,W3_ETTm2_96_42_smooth,38,S,0.49667151691392064
W3,ETTm2,gate_tod_heatmap,96,42,smooth,HyperConv,W3_ETTm2_96_42_smooth,39,S,0.49667151691392064
W3,ETTm2,gate_tod_heatmap,96,42,smooth,HyperConv,W3_ETTm2_96_42_smooth,41,S,0.49667151691392064
W3,ETTm2,gate_tod_heatmap,96,42,smooth,HyperConv,W3_ETTm2_96_42_smooth,42,S,0.49667151691392064
W3,ETTm2,gate_tod_heatmap,96,42,smooth,HyperConv,W3_ETTm2_96_42_smooth,43,S,0.49667151691392064
W3,ETTm2,gate_tod_heatmap,96,42,smooth,HyperConv,W3_ETTm2_96_42_smooth,44,S,0.49667151691392064
W3,ETTm2,gate_tod_heatmap,96,42,smooth,HyperConv,W3_ETTm2_96_42_smooth,45,S,0.49667151691392064
W3,ETTm2,gate_tod_heatmap,96,42,smooth,HyperConv,W3_ETTm2_96_42_smooth,46,S,0.49667151691392064
W3,ETTm2,gate_tod_heatmap,96,42,smooth,HyperConv,W3_ETTm2_96_42_smooth,47,S,0.49667151691392064
W3,ETTm2,gate_tod_heatmap,96,42,smooth,HyperConv,W3_ETTm2_96_42_smooth,48,S,0.49667151691392064
W3,ETTm2,gate_tod_heatmap,96,42,smooth,HyperConv,W3_ETTm2_96_42_smooth,49,S,0.49667151691392064
W3,ETTm2,gate_tod_heatmap,96,42,smooth,HyperConv,W3_ETTm2_96_42_smooth,50,S,0.49667151691392064
W3,ETTm2,gate_tod_heatmap,96,42,smooth,HyperConv,W3_ETTm2_96_42_smooth,51,S,0.49667151691392064
W3,ETTm2,gate_tod_heatmap,96,42,smooth,HyperConv,W3_ETTm2_96_42_smooth,52,S,0.49667151691392064
W3,ETTm2,gate_tod_heatmap,96,42,smooth,HyperConv,W3_ETTm2_96_42_smooth,54,S,0.49667151691392064
W3,ETTm2,gate_tod_heatmap,96,42,smooth,HyperConv,W3_ETTm2_96_42_smooth,55,S,0.49667151691392064
W3,ETTm2,gate_tod_heatmap,96,42,smooth,HyperConv,W3_ETTm2_96_42_smooth,57,S,0.49667151691392064
W3,ETTm2,gate_tod_heatmap,96,42,smooth,HyperConv,W3_ETTm2_96_42_smooth,58,S,0.49667151691392064
W3,ETTm2,gate_tod_heatmap,96,42,smooth,HyperConv,W3_ETTm2_96_42_smooth,59,S,0.49667151691392064
W3,ETTm2,gate_tod_heatmap,96,42,smooth,HyperConv,W3_ETTm2_96_42_smooth,60,S,0.49667151691392064
W3,ETTm2,gate_tod_heatmap,96,42,smooth,HyperConv,W3_ETTm2_96_42_smooth,61,S,0.49667151691392064
W3,ETTm2,gate_tod_heatmap,96,42,smooth,HyperConv,W3_ETTm2_96_42_smooth,63,S,0.49667151691392064
W3,ETTm2,gate_tod_heatmap,96,42,smooth,HyperConv,W3_ETTm2_96_42_smooth,64,S,0.49667151691392064
W3,ETTm2,gate_tod_heatmap,96,42,smooth,HyperConv,W3_ETTm2_96_42_smooth,66,S,0.49667151691392064
W3,ETTm2,gate_tod_heatmap,96,42,smooth,HyperConv,W3_ETTm2_96_42_smooth,67,S,0.49667151691392064
W3,ETTm2,gate_tod_heatmap,96,42,smooth,HyperConv,W3_ETTm2_96_42_smooth,68,S,0.49667151691392064
W3,ETTm2,gate_tod_heatmap,96,42,smooth,HyperConv,W3_ETTm2_96_42_smooth,70,S,0.49667151691392064
W3,ETTm2,gate_tod_heatmap,96,42,smooth,HyperConv,W3_ETTm2_96_42_smooth,71,S,0.49667151691392064
W3,ETTm2,gate_tod_heatmap,96,42,smooth,HyperConv,W3_ETTm2_96_42_smooth,72,S,0.49667151691392064
W3,ETTm2,gate_tod_heatmap,96,42,smooth,HyperConv,W3_ETTm2_96_42_smooth,73,S,0.49667151691392064
W3,ETTm2,gate_tod_heatmap,96,42,smooth,HyperConv,W3_ETTm2_96_42_smooth,74,S,0.49667151691392064
W3,ETTm2,gate_tod_heatmap,96,42,smooth,HyperConv,W3_ETTm2_96_42_smooth,75,S,0.49667151691392064
W3,ETTm2,gate_tod_heatmap,96,42,smooth,HyperConv,W3_ETTm2_96_42_smooth,76,S,0.49667151691392064
W3,ETTm2,gate_tod_heatmap,96,42,smooth,HyperConv,W3_ETTm2_96_42_smooth,78,S,0.49667151691392064
W3,ETTm2,gate_tod_heatmap,96,42,smooth,HyperConv,W3_ETTm2_96_42_smooth,79,S,0.49667151691392064
W3,ETTm2,gate_tod_heatmap,96,42,smooth,HyperConv,W3_ETTm2_96_42_smooth,81,S,0.49667151691392064
W3,ETTm2,gate_tod_heatmap,96,42,smooth,HyperConv,W3_ETTm2_96_42_smooth,82,S,0.49667151691392064
W3,ETTm2,gate_tod_heatmap,96,42,smooth,HyperConv,W3_ETTm2_96_42_smooth,84,S,0.49667151691392064
W3,ETTm2,gate_tod_heatmap,96,42,smooth,HyperConv,W3_ETTm2_96_42_smooth,85,S,0.49667151691392064
W3,ETTm2,gate_tod_heatmap,96,42,smooth,HyperConv,W3_ETTm2_96_42_smooth,86,S,0.49667151691392064
W3,ETTm2,gate_tod_heatmap,96,42,smooth,HyperConv,W3_ETTm2_96_42_smooth,88,S,0.49667151691392064
W3,ETTm2,gate_tod_heatmap,96,42,smooth,HyperConv,W3_ETTm2_96_42_smooth,89,S,0.49667151691392064
W3,ETTm2,gate_tod_heatmap,96,42,smooth,HyperConv,W3_ETTm2_96_42_smooth,90,S,0.49667151691392064
W3,ETTm2,gate_tod_heatmap,96,42,smooth,HyperConv,W3_ETTm2_96_42_smooth,91,S,0.49667151691392064
W3,ETTm2,gate_tod_heatmap,96,42,smooth,HyperConv,W3_ETTm2_96_42_smooth,92,S,0.49667151691392064
W3,ETTm2,gate_tod_heatmap,96,42,smooth,HyperConv,W3_ETTm2_96_42_smooth,93,S,0.49667151691392064
W3,ETTm2,gate_tod_heatmap,96,42,smooth,HyperConv,W3_ETTm2_96_42_smooth,94,S,0.49667151691392064
W3,ETTm2,gate_tod_heatmap,96,42,smooth,HyperConv,W3_ETTm2_96_42_smooth,0,M,0.49407470878213644
W3,ETTm2,gate_tod_heatmap,96,42,smooth,HyperConv,W3_ETTm2_96_42_smooth,1,M,0.49407470878213644
W3,ETTm2,gate_tod_heatmap,96,42,smooth,HyperConv,W3_ETTm2_96_42_smooth,2,M,0.49407470878213644
W3,ETTm2,gate_tod_heatmap,96,42,smooth,HyperConv,W3_ETTm2_96_42_smooth,3,M,0.49407470878213644
W3,ETTm2,gate_tod_heatmap,96,42,smooth,HyperConv,W3_ETTm2_96_42_smooth,4,M,0.49407470878213644
W3,ETTm2,gate_tod_heatmap,96,42,smooth,HyperConv,W3_ETTm2_96_42_smooth,6,M,0.49407470878213644
W3,ETTm2,gate_tod_heatmap,96,42,smooth,HyperConv,W3_ETTm2_96_42_smooth,8,M,0.49407470878213644
W3,ETTm2,gate_tod_heatmap,96,42,smooth,HyperConv,W3_ETTm2_96_42_smooth,9,M,0.49407470878213644
W3,ETTm2,gate_tod_heatmap,96,42,smooth,HyperConv,W3_ETTm2_96_42_smooth,10,M,0.49407470878213644
W3,ETTm2,gate_tod_heatmap,96,42,smooth,HyperConv,W3_ETTm2_96_42_smooth,11,M,0.49407470878213644
W3,ETTm2,gate_tod_heatmap,96,42,smooth,HyperConv,W3_ETTm2_96_42_smooth,12,M,0.49407470878213644
W3,ETTm2,gate_tod_heatmap,96,42,smooth,HyperConv,W3_ETTm2_96_42_smooth,13,M,0.49407470878213644
W3,ETTm2,gate_tod_heatmap,96,42,smooth,HyperConv,W3_ETTm2_96_42_smooth,15,M,0.49407470878213644
W3,ETTm2,gate_tod_heatmap,96,42,smooth,HyperConv,W3_ETTm2_96_42_smooth,16,M,0.49407470878213644
W3,ETTm2,gate_tod_heatmap,96,42,smooth,HyperConv,W3_ETTm2_96_42_smooth,17,M,0.49407470878213644
W3,ETTm2,gate_tod_heatmap,96,42,smooth,HyperConv,W3_ETTm2_96_42_smooth,19,M,0.49407470878213644
W3,ETTm2,gate_tod_heatmap,96,42,smooth,HyperConv,W3_ETTm2_96_42_smooth,21,M,0.49407470878213644
W3,ETTm2,gate_tod_heatmap,96,42,smooth,HyperConv,W3_ETTm2_96_42_smooth,22,M,0.49407470878213644
W3,ETTm2,gate_tod_heatmap,96,42,smooth,HyperConv,W3_ETTm2_96_42_smooth,23,M,0.49407470878213644
W3,ETTm2,gate_tod_heatmap,96,42,smooth,HyperConv,W3_ETTm2_96_42_smooth,24,M,0.49407470878213644
W3,ETTm2,gate_tod_heatmap,96,42,smooth,HyperConv,W3_ETTm2_96_42_smooth,25,M,0.49407470878213644
W3,ETTm2,gate_tod_heatmap,96,42,smooth,HyperConv,W3_ETTm2_96_42_smooth,26,M,0.49407470878213644
W3,ETTm2,gate_tod_heatmap,96,42,smooth,HyperConv,W3_ETTm2_96_42_smooth,27,M,0.49407470878213644
W3,ETTm2,gate_tod_heatmap,96,42,smooth,HyperConv,W3_ETTm2_96_42_smooth,29,M,0.49407470878213644
W3,ETTm2,gate_tod_heatmap,96,42,smooth,HyperConv,W3_ETTm2_96_42_smooth,30,M,0.49407470878213644
W3,ETTm2,gate_tod_heatmap,96,42,smooth,HyperConv,W3_ETTm2_96_42_smooth,32,M,0.49407470878213644
W3,ETTm2,gate_tod_heatmap,96,42,smooth,HyperConv,W3_ETTm2_96_42_smooth,33,M,0.49407470878213644
W3,ETTm2,gate_tod_heatmap,96,42,smooth,HyperConv,W3_ETTm2_96_42_smooth,34,M,0.49407470878213644
W3,ETTm2,gate_tod_heatmap,96,42,smooth,HyperConv,W3_ETTm2_96_42_smooth,35,M,0.49407470878213644
W3,ETTm2,gate_tod_heatmap,96,42,smooth,HyperConv,W3_ETTm2_96_42_smooth,37,M,0.49407470878213644
W3,ETTm2,gate_tod_heatmap,96,42,smooth,HyperConv,W3_ETTm2_96_42_smooth,38,M,0.49407470878213644
W3,ETTm2,gate_tod_heatmap,96,42,smooth,HyperConv,W3_ETTm2_96_42_smooth,39,M,0.49407470878213644
W3,ETTm2,gate_tod_heatmap,96,42,smooth,HyperConv,W3_ETTm2_96_42_smooth,41,M,0.49407470878213644
W3,ETTm2,gate_tod_heatmap,96,42,smooth,HyperConv,W3_ETTm2_96_42_smooth,42,M,0.49407470878213644
W3,ETTm2,gate_tod_heatmap,96,42,smooth,HyperConv,W3_ETTm2_96_42_smooth,43,M,0.49407470878213644
W3,ETTm2,gate_tod_heatmap,96,42,smooth,HyperConv,W3_ETTm2_96_42_smooth,44,M,0.49407470878213644
W3,ETTm2,gate_tod_heatmap,96,42,smooth,HyperConv,W3_ETTm2_96_42_smooth,45,M,0.49407470878213644
W3,ETTm2,gate_tod_heatmap,96,42,smooth,HyperConv,W3_ETTm2_96_42_smooth,46,M,0.49407470878213644
W3,ETTm2,gate_tod_heatmap,96,42,smooth,HyperConv,W3_ETTm2_96_42_smooth,47,M,0.49407470878213644
W3,ETTm2,gate_tod_heatmap,96,42,smooth,HyperConv,W3_ETTm2_96_42_smooth,48,M,0.49407470878213644
W3,ETTm2,gate_tod_heatmap,96,42,smooth,HyperConv,W3_ETTm2_96_42_smooth,49,M,0.49407470878213644
W3,ETTm2,gate_tod_heatmap,96,42,smooth,HyperConv,W3_ETTm2_96_42_smooth,50,M,0.49407470878213644
W3,ETTm2,gate_tod_heatmap,96,42,smooth,HyperConv,W3_ETTm2_96_42_smooth,51,M,0.49407470878213644
W3,ETTm2,gate_tod_heatmap,96,42,smooth,HyperConv,W3_ETTm2_96_42_smooth,52,M,0.49407470878213644
W3,ETTm2,gate_tod_heatmap,96,42,smooth,HyperConv,W3_ETTm2_96_42_smooth,54,M,0.49407470878213644
W3,ETTm2,gate_tod_heatmap,96,42,smooth,HyperConv,W3_ETTm2_96_42_smooth,55,M,0.49407470878213644
W3,ETTm2,gate_tod_heatmap,96,42,smooth,HyperConv,W3_ETTm2_96_42_smooth,57,M,0.49407470878213644
W3,ETTm2,gate_tod_heatmap,96,42,smooth,HyperConv,W3_ETTm2_96_42_smooth,58,M,0.49407470878213644
W3,ETTm2,gate_tod_heatmap,96,42,smooth,HyperConv,W3_ETTm2_96_42_smooth,59,M,0.49407470878213644
W3,ETTm2,gate_tod_heatmap,96,42,smooth,HyperConv,W3_ETTm2_96_42_smooth,60,M,0.49407470878213644
W3,ETTm2,gate_tod_heatmap,96,42,smooth,HyperConv,W3_ETTm2_96_42_smooth,61,M,0.49407470878213644
W3,ETTm2,gate_tod_heatmap,96,42,smooth,HyperConv,W3_ETTm2_96_42_smooth,63,M,0.49407470878213644
W3,ETTm2,gate_tod_heatmap,96,42,smooth,HyperConv,W3_ETTm2_96_42_smooth,64,M,0.49407470878213644
W3,ETTm2,gate_tod_heatmap,96,42,smooth,HyperConv,W3_ETTm2_96_42_smooth,66,M,0.49407470878213644
W3,ETTm2,gate_tod_heatmap,96,42,smooth,HyperConv,W3_ETTm2_96_42_smooth,67,M,0.49407470878213644
W3,ETTm2,gate_tod_heatmap,96,42,smooth,HyperConv,W3_ETTm2_96_42_smooth,68,M,0.49407470878213644
W3,ETTm2,gate_tod_heatmap,96,42,smooth,HyperConv,W3_ETTm2_96_42_smooth,70,M,0.49407470878213644
W3,ETTm2,gate_tod_heatmap,96,42,smooth,HyperConv,W3_ETTm2_96_42_smooth,71,M,0.49407470878213644
W3,ETTm2,gate_tod_heatmap,96,42,smooth,HyperConv,W3_ETTm2_96_42_smooth,72,M,0.49407470878213644
W3,ETTm2,gate_tod_heatmap,96,42,smooth,HyperConv,W3_ETTm2_96_42_smooth,73,M,0.49407470878213644
W3,ETTm2,gate_tod_heatmap,96,42,smooth,HyperConv,W3_ETTm2_96_42_smooth,74,M,0.49407470878213644
W3,ETTm2,gate_tod_heatmap,96,42,smooth,HyperConv,W3_ETTm2_96_42_smooth,75,M,0.49407470878213644
W3,ETTm2,gate_tod_heatmap,96,42,smooth,HyperConv,W3_ETTm2_96_42_smooth,76,M,0.49407470878213644
W3,ETTm2,gate_tod_heatmap,96,42,smooth,HyperConv,W3_ETTm2_96_42_smooth,78,M,0.49407470878213644
W3,ETTm2,gate_tod_heatmap,96,42,smooth,HyperConv,W3_ETTm2_96_42_smooth,79,M,0.49407470878213644
W3,ETTm2,gate_tod_heatmap,96,42,smooth,HyperConv,W3_ETTm2_96_42_smooth,81,M,0.49407470878213644
W3,ETTm2,gate_tod_heatmap,96,42,smooth,HyperConv,W3_ETTm2_96_42_smooth,82,M,0.49407470878213644
W3,ETTm2,gate_tod_heatmap,96,42,smooth,HyperConv,W3_ETTm2_96_42_smooth,84,M,0.49407470878213644
W3,ETTm2,gate_tod_heatmap,96,42,smooth,HyperConv,W3_ETTm2_96_42_smooth,85,M,0.49407470878213644
W3,ETTm2,gate_tod_heatmap,96,42,smooth,HyperConv,W3_ETTm2_96_42_smooth,86,M,0.49407470878213644
W3,ETTm2,gate_tod_heatmap,96,42,smooth,HyperConv,W3_ETTm2_96_42_smooth,88,M,0.49407470878213644
W3,ETTm2,gate_tod_heatmap,96,42,smooth,HyperConv,W3_ETTm2_96_42_smooth,89,M,0.49407470878213644
W3,ETTm2,gate_tod_heatmap,96,42,smooth,HyperConv,W3_ETTm2_96_42_smooth,90,M,0.49407470878213644
W3,ETTm2,gate_tod_heatmap,96,42,smooth,HyperConv,W3_ETTm2_96_42_smooth,91,M,0.49407470878213644
W3,ETTm2,gate_tod_heatmap,96,42,smooth,HyperConv,W3_ETTm2_96_42_smooth,92,M,0.49407470878213644
W3,ETTm2,gate_tod_heatmap,96,42,smooth,HyperConv,W3_ETTm2_96_42_smooth,93,M,0.49407470878213644
W3,ETTm2,gate_tod_heatmap,96,42,smooth,HyperConv,W3_ETTm2_96_42_smooth,94,M,0.49407470878213644
W3,ETTm2,gate_tod_heatmap,96,42,smooth,HyperConv,W3_ETTm2_96_42_smooth,0,D,0.490228284150362
W3,ETTm2,gate_tod_heatmap,96,42,smooth,HyperConv,W3_ETTm2_96_42_smooth,1,D,0.490228284150362
W3,ETTm2,gate_tod_heatmap,96,42,smooth,HyperConv,W3_ETTm2_96_42_smooth,2,D,0.490228284150362
W3,ETTm2,gate_tod_heatmap,96,42,smooth,HyperConv,W3_ETTm2_96_42_smooth,3,D,0.490228284150362
W3,ETTm2,gate_tod_heatmap,96,42,smooth,HyperConv,W3_ETTm2_96_42_smooth,4,D,0.490228284150362
W3,ETTm2,gate_tod_heatmap,96,42,smooth,HyperConv,W3_ETTm2_96_42_smooth,6,D,0.490228284150362
W3,ETTm2,gate_tod_heatmap,96,42,smooth,HyperConv,W3_ETTm2_96_42_smooth,8,D,0.490228284150362
W3,ETTm2,gate_tod_heatmap,96,42,smooth,HyperConv,W3_ETTm2_96_42_smooth,9,D,0.490228284150362
W3,ETTm2,gate_tod_heatmap,96,42,smooth,HyperConv,W3_ETTm2_96_42_smooth,10,D,0.490228284150362
W3,ETTm2,gate_tod_heatmap,96,42,smooth,HyperConv,W3_ETTm2_96_42_smooth,11,D,0.490228284150362
W3,ETTm2,gate_tod_heatmap,96,42,smooth,HyperConv,W3_ETTm2_96_42_smooth,12,D,0.490228284150362
W3,ETTm2,gate_tod_heatmap,96,42,smooth,HyperConv,W3_ETTm2_96_42_smooth,13,D,0.490228284150362
W3,ETTm2,gate_tod_heatmap,96,42,smooth,HyperConv,W3_ETTm2_96_42_smooth,15,D,0.490228284150362
W3,ETTm2,gate_tod_heatmap,96,42,smooth,HyperConv,W3_ETTm2_96_42_smooth,16,D,0.490228284150362
W3,ETTm2,gate_tod_heatmap,96,42,smooth,HyperConv,W3_ETTm2_96_42_smooth,17,D,0.490228284150362
W3,ETTm2,gate_tod_heatmap,96,42,smooth,HyperConv,W3_ETTm2_96_42_smooth,19,D,0.490228284150362
W3,ETTm2,gate_tod_heatmap,96,42,smooth,HyperConv,W3_ETTm2_96_42_smooth,21,D,0.490228284150362
W3,ETTm2,gate_tod_heatmap,96,42,smooth,HyperConv,W3_ETTm2_96_42_smooth,22,D,0.490228284150362
W3,ETTm2,gate_tod_heatmap,96,42,smooth,HyperConv,W3_ETTm2_96_42_smooth,23,D,0.490228284150362
W3,ETTm2,gate_tod_heatmap,96,42,smooth,HyperConv,W3_ETTm2_96_42_smooth,24,D,0.490228284150362
W3,ETTm2,gate_tod_heatmap,96,42,smooth,HyperConv,W3_ETTm2_96_42_smooth,25,D,0.490228284150362
W3,ETTm2,gate_tod_heatmap,96,42,smooth,HyperConv,W3_ETTm2_96_42_smooth,26,D,0.490228284150362
W3,ETTm2,gate_tod_heatmap,96,42,smooth,HyperConv,W3_ETTm2_96_42_smooth,27,D,0.490228284150362
W3,ETTm2,gate_tod_heatmap,96,42,smooth,HyperConv,W3_ETTm2_96_42_smooth,29,D,0.490228284150362
W3,ETTm2,gate_tod_heatmap,96,42,smooth,HyperConv,W3_ETTm2_96_42_smooth,30,D,0.490228284150362
W3,ETTm2,gate_tod_heatmap,96,42,smooth,HyperConv,W3_ETTm2_96_42_smooth,32,D,0.490228284150362
W3,ETTm2,gate_tod_heatmap,96,42,smooth,HyperConv,W3_ETTm2_96_42_smooth,33,D,0.490228284150362
W3,ETTm2,gate_tod_heatmap,96,42,smooth,HyperConv,W3_ETTm2_96_42_smooth,34,D,0.490228284150362
W3,ETTm2,gate_tod_heatmap,96,42,smooth,HyperConv,W3_ETTm2_96_42_smooth,35,D,0.490228284150362
W3,ETTm2,gate_tod_heatmap,96,42,smooth,HyperConv,W3_ETTm2_96_42_smooth,37,D,0.490228284150362
W3,ETTm2,gate_tod_heatmap,96,42,smooth,HyperConv,W3_ETTm2_96_42_smooth,38,D,0.490228284150362
W3,ETTm2,gate_tod_heatmap,96,42,smooth,HyperConv,W3_ETTm2_96_42_smooth,39,D,0.490228284150362
W3,ETTm2,gate_tod_heatmap,96,42,smooth,HyperConv,W3_ETTm2_96_42_smooth,41,D,0.490228284150362
W3,ETTm2,gate_tod_heatmap,96,42,smooth,HyperConv,W3_ETTm2_96_42_smooth,42,D,0.490228284150362
W3,ETTm2,gate_tod_heatmap,96,42,smooth,HyperConv,W3_ETTm2_96_42_smooth,43,D,0.490228284150362
W3,ETTm2,gate_tod_heatmap,96,42,smooth,HyperConv,W3_ETTm2_96_42_smooth,44,D,0.490228284150362
W3,ETTm2,gate_tod_heatmap,96,42,smooth,HyperConv,W3_ETTm2_96_42_smooth,45,D,0.490228284150362
W3,ETTm2,gate_tod_heatmap,96,42,smooth,HyperConv,W3_ETTm2_96_42_smooth,46,D,0.490228284150362
W3,ETTm2,gate_tod_heatmap,96,42,smooth,HyperConv,W3_ETTm2_96_42_smooth,47,D,0.490228284150362
W3,ETTm2,gate_tod_heatmap,96,42,smooth,HyperConv,W3_ETTm2_96_42_smooth,48,D,0.490228284150362
W3,ETTm2,gate_tod_heatmap,96,42,smooth,HyperConv,W3_ETTm2_96_42_smooth,49,D,0.490228284150362
W3,ETTm2,gate_tod_heatmap,96,42,smooth,HyperConv,W3_ETTm2_96_42_smooth,50,D,0.490228284150362
W3,ETTm2,gate_tod_heatmap,96,42,smooth,HyperConv,W3_ETTm2_96_42_smooth,51,D,0.490228284150362
W3,ETTm2,gate_tod_heatmap,96,42,smooth,HyperConv,W3_ETTm2_96_42_smooth,52,D,0.490228284150362
W3,ETTm2,gate_tod_heatmap,96,42,smooth,HyperConv,W3_ETTm2_96_42_smooth,54,D,0.490228284150362
W3,ETTm2,gate_tod_heatmap,96,42,smooth,HyperConv,W3_ETTm2_96_42_smooth,55,D,0.490228284150362
W3,ETTm2,gate_tod_heatmap,96,42,smooth,HyperConv,W3_ETTm2_96_42_smooth,57,D,0.490228284150362
W3,ETTm2,gate_tod_heatmap,96,42,smooth,HyperConv,W3_ETTm2_96_42_smooth,58,D,0.490228284150362
W3,ETTm2,gate_tod_heatmap,96,42,smooth,HyperConv,W3_ETTm2_96_42_smooth,59,D,0.490228284150362
W3,ETTm2,gate_tod_heatmap,96,42,smooth,HyperConv,W3_ETTm2_96_42_smooth,60,D,0.490228284150362
W3,ETTm2,gate_tod_heatmap,96,42,smooth,HyperConv,W3_ETTm2_96_42_smooth,61,D,0.490228284150362
W3,ETTm2,gate_tod_heatmap,96,42,smooth,HyperConv,W3_ETTm2_96_42_smooth,63,D,0.490228284150362
W3,ETTm2,gate_tod_heatmap,96,42,smooth,HyperConv,W3_ETTm2_96_42_smooth,64,D,0.490228284150362
W3,ETTm2,gate_tod_heatmap,96,42,smooth,HyperConv,W3_ETTm2_96_42_smooth,66,D,0.490228284150362
W3,ETTm2,gate_tod_heatmap,96,42,smooth,HyperConv,W3_ETTm2_96_42_smooth,67,D,0.490228284150362
W3,ETTm2,gate_tod_heatmap,96,42,smooth,HyperConv,W3_ETTm2_96_42_smooth,68,D,0.490228284150362
W3,ETTm2,gate_tod_heatmap,96,42,smooth,HyperConv,W3_ETTm2_96_42_smooth,70,D,0.490228284150362
W3,ETTm2,gate_tod_heatmap,96,42,smooth,HyperConv,W3_ETTm2_96_42_smooth,71,D,0.490228284150362
W3,ETTm2,gate_tod_heatmap,96,42,smooth,HyperConv,W3_ETTm2_96_42_smooth,72,D,0.490228284150362
W3,ETTm2,gate_tod_heatmap,96,42,smooth,HyperConv,W3_ETTm2_96_42_smooth,73,D,0.490228284150362
W3,ETTm2,gate_tod_heatmap,96,42,smooth,HyperConv,W3_ETTm2_96_42_smooth,74,D,0.490228284150362
W3,ETTm2,gate_tod_heatmap,96,42,smooth,HyperConv,W3_ETTm2_96_42_smooth,75,D,0.490228284150362
W3,ETTm2,gate_tod_heatmap,96,42,smooth,HyperConv,W3_ETTm2_96_42_smooth,76,D,0.490228284150362
W3,ETTm2,gate_tod_heatmap,96,42,smooth,HyperConv,W3_ETTm2_96_42_smooth,78,D,0.490228284150362
W3,ETTm2,gate_tod_heatmap,96,42,smooth,HyperConv,W3_ETTm2_96_42_smooth,79,D,0.490228284150362
W3,ETTm2,gate_tod_heatmap,96,42,smooth,HyperConv,W3_ETTm2_96_42_smooth,81,D,0.490228284150362
W3,ETTm2,gate_tod_heatmap,96,42,smooth,HyperConv,W3_ETTm2_96_42_smooth,82,D,0.490228284150362
W3,ETTm2,gate_tod_heatmap,96,42,smooth,HyperConv,W3_ETTm2_96_42_smooth,84,D,0.490228284150362
W3,ETTm2,gate_tod_heatmap,96,42,smooth,HyperConv,W3_ETTm2_96_42_smooth,85,D,0.490228284150362
W3,ETTm2,gate_tod_heatmap,96,42,smooth,HyperConv,W3_ETTm2_96_42_smooth,86,D,0.490228284150362
W3,ETTm2,gate_tod_heatmap,96,42,smooth,HyperConv,W3_ETTm2_96_42_smooth,88,D,0.490228284150362
W3,ETTm2,gate_tod_heatmap,96,42,smooth,HyperConv,W3_ETTm2_96_42_smooth,89,D,0.490228284150362
W3,ETTm2,gate_tod_heatmap,96,42,smooth,HyperConv,W3_ETTm2_96_42_smooth,90,D,0.490228284150362
W3,ETTm2,gate_tod_heatmap,96,42,smooth,HyperConv,W3_ETTm2_96_42_smooth,91,D,0.490228284150362
W3,ETTm2,gate_tod_heatmap,96,42,smooth,HyperConv,W3_ETTm2_96_42_smooth,92,D,0.490228284150362
W3,ETTm2,gate_tod_heatmap,96,42,smooth,HyperConv,W3_ETTm2_96_42_smooth,93,D,0.490228284150362
W3,ETTm2,gate_tod_heatmap,96,42,smooth,HyperConv,W3_ETTm2_96_42_smooth,94,D,0.490228284150362
